Team,Elo Rating
Roller Derby Brest / Toustes Étoiles,748
Paris Roller Derby / All-Stars,739
Panhandle United Roller Derby / Panhandle United Roller Derby Allstars,712
Antwerp Roller Derby / Pack of Destruction,639
Bogotá Bone Breakers,604
Atomic Bombs Roller Derby / Atomic Bombs ,554
2x4 Roller Derby / Lxs Pibxs,424
Sailor City Rollers,671
Bogota Bone Breakers,699
2x4 Roller Derby / Team Osom,827
Copenhagen Roller Derby / Copenhagen Roller Derby A-Team,749
Gotham Roller Derby  / Gotham Roller Derby Wall Street Traitors,771
Connecticut Roller Derby / Connecticut All Stars ,553
Reading Roller Derby,718
London Roller Derby / London Brawling,839
Wasatch Roller Derby / Midnight Terror,771
Rose City Rollers / Wheels of Justice,851
Rat City Roller Derby / Rat City Roller Derby All Stars,681
Peninsula Roller Derby / Supernovas A ,688
Montreal Roller Derby / New Skids on the Block,799
Harrisburg Area Roller Derby / Nuclear Knockouts,794
Eves of Destruction,462
Denver Roller Derby / Mile High Club,770
West Coast Derby Knockouts / TKOs,723
Victorian Roller Derby League / All Stars,621
Home Team,922
Pikes Peak Roller Derby / All-Stars,788
Peninsula Roller Derby / Supernovas B ,642
Peninsula Roller Derby  / Supernovas B,516
Nantes Roller Derby / Les Duc.hesse.s,697
Fabulous Sin City Roller Derby / Ace of Spades,764
Fabulous Sin City Roller Derby / Black Spade Bruisers,668
Columbia Roller Derby / Columbia QuadSquad,763
CENTRAL COAST ROLLER DERBY / THE SK805,683
Black n Bluegrass Rollergirls / Blackouts,721
Bergen Roller Derby / Wet City Rollers,701
Angel City Derby / Hollywood Scarlets,584
Arch Rival Roller Derby / Arch Rival All Stars,873
Zurich City Roller Derby / Allstar Z,758
Windy City Rollers / All Star,662
Windy City Rollers / Second Wind,606
Queer City Roller Derby / Lake Effect Furies,616
Oxford Roller Derby / Oxford Roller Derby Blackbirds,666
Oslo Roller Derby / Oslo Roller Derby A,692
Norfolk Roller Derby / Norfolk Brawds A Team,594
Windy City Rollers / All Stars,677
Santa Cruz Roller Derby / Boardwalk Bombshells,570
Quad City Rollers,737
Norfolk Roller Derby / Norfolk Brawds - A Team,705
Gotham Roller Derby / Wall Street Traitors,401
Gotham Roller Derby / All Stars,891
2x4 Roller Derby / OSOM,827
Tiger Bay Brawlers / Allstars,763
Tiger Bay Brawlers / Challengers,615
St. Pauli Roller Derby / A,871
P,651
Oulu Roller Derby,514
Kansas City Roller Warriors / Kansas City Roller Warriors All-Stars,674
Dock City Rollers / Anchors,745
Crime City Rollers / B,669
Copenhagen Roller Derby / Copenhagen Roller Derby A,739
Brussels Roller Derby / La Drache,809
Bristol Roller Derby / Charter Team,692
Birmingham Roller Derby / (A team),726
Auld Reekie Roller Derby / A,689
Tiger Bay Brawlers / All Stars,630
Santa Cruz Roller Derby / Santa Cruz Boardwalk Bombshells - A,873
Peninsula Roller Derby / Slam Andreas,727
Humboldt Roller Derby / Redwood Rollers,704
Free State RD / Black Eyed Suzies,708
Chicago-Style Roller Derby / A Team,683
Bradentucky Bombers Roller Derby A,669
BELFAST ROLLER DERBY,628
Bakersfield Diamond Divas / Diamond Divas,725
Auld Reekie Roller Derby / B,693
Texas Texecutioners,721
Tampa Bruise Crew,685
Bear City Roller Derby,667
Vienna Roller Derby / Vienna Roller Derby All Stars,532
Texas Chainsaws,773
Tampa Tantrums,601
SoCal Derby / The Cuttlefish,604
SoCal Derby / The Kraken,855
Roller Derby Toulouse / Nothing Toulouse,1015
Roller Derby Iceland / Ragnarök,647
Rainy City Roller Derby / All Stars,658
Paris Roller Derby / All Stars,442
Harpies Roller Derby Milano / Harpies,694
Grand Raggidy Roller Derby / All-Stars,735
Crime City Rollers / A-team,750
Auverniaks Roller Derby / Les Auver'Niaks,797
Arizona Roller Derby / Arizona Rising,639
ROCK AND ROLLER QUEENS,612
CAPITAL RATS ROLLER DERBY,796
Wine Town Roller Derby / Whine Makers,610
West Coast Derby Knockouts,808
Twin Valleys Roller Derby,723
Monterey Bay Roller Derby / Beasts of Eden,724
Lowcontry Highrollers / All Stars,581
Lomme Roller Derby / Bad Bunnies,767
Kallio Rolling Rainbow / All Colours,861
Helsinki Roller Derby / All-Stars,784
Gallatin Roller Derby / Team Montana,582
Buxmont Roller Derby / Sirens,763
Treasure Valley Roller Derby / All Stars,840
Tragic City Rollers / Tragic City All-Stars,753
Sierra Regional Roller Derby / Sierra Regional All Stars,715
Rose City Rollers / Axles of Annihilation,767
Rage City Roller Derby / Rage City All*Stars,812
Oxford Roller Derby ,659
Nashville Roller Derby,801
Montreal Roller Derby / The Sexpos,692
Lowcountry Highrollers / All Stars,668
High Altitude Roller Derby / Dark Sky Starlets,623
Helsinki Roller Derby / Bees,587
Greater Vancouver Roller Derby Association,705
Gem City Roller Derby / Purple Reign,645
Dirty Jersey Roller Derby / All Stars,744
Charlotte Roller Derby / Bad Assets,786
Charlotte Roller Derby / Mecklenburg Maulers,708
Carolina Roller Derby,732
BOGOTÁ BONE BREAKERS / BOGOTÁ BONE BREAKERS ,785
As Brigantias Roller Derby A Coruña ,689
ROCK AND ROLLER QUEENS ,527
Gotham Roller Derby / All-Stars,951
Brisbane City Rollers,784
Sun State Roller Derby,864
Rose City Rollers,894
Peninsula Roller Derby (League) / Slam Andreas,654
Hammer City Roller Derby / Eh! Team,754
Detroit Roller Derby / Allstars A,726
Baja Roller Derby,672
Tucson Roller Derby / Javelina Havoc,624
Tri-City Roller Derby / Thunder,512
Tampa Roller Derby / Tantrums,773
Rose City Rollers / Rose City Rollers: Axles of Annihilation,724
Peninsula Roller Derby (League) / Supernovas B,650
Peninsula Roller Derby (League) / Supernovas A,503
Norfolk Roller Derby / Norfolk Brawds,730
Newcastle Roller Derby / Canny Belters,494
Liverpool Roller Birds / Sisters of Mersey,628
Greenville Roller Derby,816
Chicago-Style Roller Derby A,688
Barcelona Roller Derby / Ingles de Acero,713
Ann Arbor Roller Derby / Ann Arbor Roller Derby ,703
Rose City / Rose City Rollers: Axles of Annihilation,899
Bay Area Derby / Bay Area All Stars,639
TACONES BANDIDOS ROLLER DERBY / Tacones Bandidos All Stars,700
North Star Roller Derby / Supernovas,734
Minnesota Roller Derby / Minnesota Nice,709
Ithaca League of Women Rollers / SufferJets,681
Brisbane City Rollers / Punk Blockers,713
Stockholm Roller Derby / Stockholm Roller Derby Allstars,700
Salt City Roller Derby,725
Rockford Rage Women's Roller Derby,629
Minnesota Roller Derby,889
Flint Roller Derby,759
Dallas Derby Devils / Army of Darkness,703
Black Rose Rollers / All-Stars,724
Twister City Roller Derby / Victory All Star Squad,512
Columbia Roller Derby / QuadSquad,777
Victorian Roller Derby League / Thunder Bees,690
State College Area Roller Derby  / SCAR Derby ,708
South Shore Roller Derby / Runaways,778
Rocky Mountain Roller Derby / 5280 Fight Club,606
Peninsula Roller Derby  / Supernovas A,679
Ohio Valley Roller Derby,675
Mass Attack Roller Derby / All Stars,823
Hard Knox Roller Derby A,606
Grand Raggidy Roller Derby / All Stars,861
Grand Raggidy Roller Derby / Grand Raggidy All Stars,744
Fort Myers Roller Derby,713
East Vic Roller Derby,660
East Vic Roller Derby / Witches Of East Vic,660
Bay Area Derby  / Bay Area Derby All Stars ,757
Arch Rival Roller Derby / All Stars,854
Ventura County Derby Darlins / Vendolls,720
Twin State Roller Derby / Upper Valley Vixons,762
Sacramento Roller Derby B  / Bruin Trouble,616
Red Stick / Capital Defenders ,618
Red Stick Roller Derby / Red Stick Roller Derby All Stars,692
Peninsula Roller Derby  / Supernovas B ,787
Gem City Roller Derby / Violet Femmes,733
Central Coast Roller Derby / SK805,769
Boston Roller Derby / Boston Roller Derby: A Team,361
Black-n-Bluegrass Roller Girls,741
Bay Area Derby / Bay Area Derby All Stars ,654
Arch Rival Roller Derby / Arch Nemesis,712
Angel City Derby  / Angel City Derby - RAD TEAM ,816
Angel City Derby / Angel City Derby - RAD TEAM,736
Victorian Roller Derby League / Thunder,576
Glasgow Roller Derby / Irn Bruisers,770
Capital City Crushers,528
Tampa Roller Derby / Tampa Tantrums,689
South Bend Roller Derby / Studebreakers,738
Philly Roller Derby,572
Renegade Derby Dames / Striking Vikings,555
FREDERICKSBURG ROLLER DERBY / FREDERICKSBURG ROLLER DERBY ALL STARS,704
Erie Roller Derby,885
Connecticut Roller Derby / All Stars,781
Chattanooga Roller Derby / B-Railers,668
Chattanooga Roller Derby / Chattanooga All Stars,684
Ann Arbor Roller Derby,386
Alamo Ctiy Roller Girls / Las Tejanas,699
Minnesota Roller Derby / MNRD B,854
Mid-State Roller Derby / All Stars,636
Madison Roller Derby / The Herd (SATURDAY),599
Los Alamos Derby Dames,527
Gotham Roller Derby / Gotham B Team,811
Gotham Roller Derby / Gotham All Stars,807
Boston Roller Derby / Boston Roller Derby A Team,822
Boston Roller Derby / Boston Roller Derby B Team,686
Madison Roller Derby / The Herd (FRIDAY),725
Black Rose Rollers / All Stars,750
Twister City Roller Derby / Victory All-Star Squad,791
Traverse City Roller Derby,653
Roc City Roller Derby / Roc Stars,773
Lowcountry Highrollers,635
Jacksonville / New Jax City Rollers,765
Gotham Roller Derby / Gotham Roller Derby All-Stars,807
Garden State Roller Derby / Ironbound Maidens,614
Fargo Moorhead Derby Girls,722
Enchanted Mountain Roller Derby / Hellbilly Heartbreakers,679
Assassination City Roller Derby / Conspiracy,814
Springfield Roller Derby / All Stars,666
Red Stick Roller Derby / Capital Defenders,670
Ottawa Valley Roller Derby / Rapids,705
Lehigh Valley Roller Derby / Lehigh Valley All-Stars,777
Druid City Derby,688
Dallas Derby Devils / Battalion of Doom,734
Circle City Roller Derby / Socialites,927
Norrköping Roller Derby,1121
Bristol Roller Derby / Bristol Roller Derby Charter Team,571
Arizona Roller Derby / Rising,719
Angel City Derby / Rad Team,793
Rock Town Roller Derby / Queen Team,705
Peterborough Area Roller Derby,580
No Coast Roller Derby / Mad Maxines,667
Muscogee Roller Girls,719
Burning River Roller Derby / All-Stars,748
Boston Roller Derby / Boston Roller Derby: C Team,630
Arizona Roller Derby / All Stars,796
Tiger Bay Brawlers / All-Stars,736
Memphis Roller Derby,749
Bay State Brawlers / Brawlers,749
Harrisburg Area Roller Derby,774
Rock Town Roller Derby / Rocktown,717
Natural State Roller Derby / Natural State,772
Jet City Roller Derby,719
Denver Roller Derby / Bruising Altitude,607
SUSQUEHANNA VALLEY DERBY VIXENS,749
Naptown Roller Derby,773
Happy Valley Derby Darlins / Molly Morbids,644
Denver roller Derby / Mile High Club,776
Wine Town Rollers / Whine Makers,708
Santa Cruz Roller Derby / Harbor Hellcats,687
Rainy City Roller Derby / Reckoning,763
PEACH STATE ROLLER DERBY,673
Northern Arizona Roller Derby / Whiskey Row-llers,520
Gallatin Roller Derby / Mountain Mayhem,614
Brighton Rockers Roller Derby,880
Windy City Rollers / Windy City Rollers: Second Wind,808
Windy City Rollers / Windy City Rollers: All-Stars,758
West Florida Roller Derby,714
Vienna Roller Derby / Vienna A,598
Santa Cruz Roller Derby / Santa Cruz Harbor Hellcats,757
Sacramento Roller Derby / MaulStars,609
Ottawa Valley Roller Derby / Ottawa Valley Rapids,663
Ohio Roller Derby,711
Northern Arizona Roller Derby / Wild West Outlaws,977
Los Alamos Derby Dames League / Los Alamos Derby Dames,545
Lomme Roller Girls / Bad Bunnies,696
Gallatin Roller Derby / Team Montana Roller Derby,741
Elevated Roller Derby / All Stars,845
Chicago-Style Roller Derby / A,691
BOULDER COUNTY ROLLER DERBY / FLATIRON PHOENIXES,661
Palouse River Rollers,604
Les Quads de Paris / La Boucherie de Paris,766
Steel City Roller Derby / Steel Beamers,659
Steel City Roller Derby / Steel Hurtin',688
Roller Derby Quebec,852
Orlando Roller Derby / Ozone Slayers,699
Calgary Roller Derby / CRD All Stars,781
Brewcity Bruisers / AllStars,717
Bellingham Roller Betties / All Stars,772
Arizona Roller Derby / Arizona Rising ,767
Sun State Roller Derby / Killer Bees,694
Penn Jersey Roller Derby A,731
Helsinki Roller Derby / All Stars,614
Dock City Rollers / Dock City Anchors,713
Dirty Jersey Roller Derby / All-Stars,738
Adelaide Roller Derby / Ads,691
Susquehanna Valley Derby Vixens,705
South Sea Roller Derby / Sirens,848
Perth Roller Derby / West Coast Evils,595
Nantes Roller Derby / Les Duchesses,896
Madison Roller Derby / Dairyland Dolls,781
Kingston Roller Derby / Rogue Warriors,660
Hartford Area Roller Derby / Hartford Wailers,714
Detroit Roller Derby / Detroit Roller Derby- A,734
Detroit Roller Derby / Detroit Roller Derby- B,717
Chattanooga Roller Derby / Chattanooga B-Railers,812
Schuylkill County Scream Queens / Scream Queens,654
Montreal Roller Derby / Sexpos,588
Demolition City Roller Derby / Destroyers,659
Dallas Derby Devils / DDD: Army of Darkness,695
Stockholm Roller Derby / Allstars,788
Free State Roller Derby / Rock Villians,702
Fargo Moorhead Derby Girls / A Team,654
Bay State Brawlers Roller Derby / Brawlers,721
Tampa Roller Derby / Bruise Crew,662
Pikes Peak Roller Derby / All Stars,567
Peninsula Roller Derby / Supernovas A,734
Anchor City Rollers / Harbour Grudges,596
Valencia Roller Derby / Rayo Dockers,807
Tiger Bay Brawlers  / Tiger Bay Brawlers - Allstars,745
Team Montana,693
Roller Derby Québec / Équipe A,1095
Muddy River Rollers / Lumbersmacks,658
Denver Roller Derby / Standbys,567
Crime City Rollers,356
Cornfed Roller Derby / All Stars,600
Blue Ridge Roller Derby / Y'all Stars,695
580 RollerGirls,677
TAMPERE ROLLER DERBY,682
State College Area Roller Derby,676
Auld Reekie Roller Derby / All Stars,721
Atlanta Roller Derby  / Atlanta Dirty South Derby,716
Atlanta Roller Derby  / Atlanta Rumble B's,807
Tampere Roller Derby,655
Oxford Roller Derby / Oxford Roller Derby A,703
New Hampshire Roller Derby / NH Roller Derby All Stars,667
Gem City Roller Derby / GCRD Purple Reign,752
Atlanta Roller Derby / Atlanta Dirty South Derby,725
Atlanta Roller Derby / Atlanta Rumble B's,744
Philly Roller Derby  / Philly Roller Derby,601
Atlanta Roller Derby  / Dirty South Derby,712
Vienna Roller Derby,730
Aalborg Roller Derby       ,741
WineTown Roller Derby,725
Traverse City Roller Derby / Toxic Cherries,741
Rock Town Roller Derby,734
PPRD / All-Stars,736
Oslo Roller Derby		,661
Morgantown Roller Derby / Morgantown Roller Vixens,656
Hartford Area Roller Derby / Wailers,622
Dutchland Derby Rollers / All Stars,654
Bradentucky Bombers / Bomb Squad,675
TULSA ELITE,617
Rockford Rage Women's Roller Derby / Rockford Rage ,627
Bristol Roller Derby  / Charter Team,719
Roller Derby Caen  / Leopard Avengers ,749
Penn Jersey Roller Derby / Devils,696
North Star Roller Derby / NSRD Supernovas,615
Minnesota Roller Derby / MN Nice,702
Black Rose Rollers / Black Rose Rollers All Stars,735
Auverniak's Roller Derby  / Les Auver'Niaks,795
Twin State Derby / Vixens,798
Tampere Roller Derby / All Stars,546
Royal City Roller Derby / Bruteleggers,542
Rotterdam Roller Derby  / Death Row Honeys,777
Philly Roller Derby / Philly Roller Derby B Team,614
Philly Roller Derby / Philly Roller Derby A-Team,608
Paris Roller Derby / Les Quedalles,604
Minnesota Roller Derby / MNRD Allstars,712
Blue Ridge Roller Derby / The Retrogrades,690
Bear City Roller Derby / Wallstars,681
B.M.O. Roller Derby Girls / Toustes Etoiles,779
Fox Cities Roller Derby / Fox Cities Roller Derby All-Stars,661
Fort Collins Roller Derby / Fort Collins MicroBrewsers,722
Elevated Roller Derby,657
Tragic City Roller Derby / Tragic City All-Stars,803
Stuttgart Valley Roller Derby,643
Nantes Roller Derby / Duc.hesse.s,758
Lowcountry Highrollers A,666
Kallio Rolling Rainbow,484
Fort Collins Roller Derby / MicroBrewsers,714
Boulder County Roller Derby / Flatiron Phoenixes,1112
Atlanta Roller Derby / Dirty South Derby,804
Appalachian Roller Derby,610
Connecticut Roller Derby  / Connecticut All Stars,794
Birmingham Roller Derby,715
Auld Reekie / A,693
Orlando Roller Derby / Sun Blockers,607
Orlando Roller Derby / O-zone Slayers,627
Burning River Roller Derby A,681
Burning River Roller Derby B,659
Schuylkill County Scream Queens / The Scream Queens,754
ROLLER DERBY MADRID,838
Les Quads de Paris / La Boucherie,725
AS BRIGANTIAS ROLLER DERBY A CORUÑA,557
Ohio Roller Derby / Charter Team,732
NOVA Roller Derby / SuperNOVAs,753
Nantes Roller Derby / Les Duc.hesses,839
Red Stick Roller Derby / All Stars,912
Fabulous Sin City Roller Derby / Ace Of Spades,708
Druid City Derby / Druid City Dames,694
Gothenburg Roller Derby / Aqwarriors,649
Bristol Roller Derby / A,705
South Sea Roller Derby / Banshees,639
Chicago-Style Roller Derby / CSRD A Team,611
Atlanta Roller Derby / Rumble B's,725
Dutchland Derby Rollers / Dutchland All Stars,833
301 Derby Dames,704
Auver'Niaks APR63 / Auver'Niaks,614
Saskatoon Roller Derby League / Mindfox,598
Columbia Roller Derby / Columbia Quadsquad,758
Panhandle United Roller Derby,444
NANTES ROLLER DERBY / LES DUC.HESSE.S,700
Rocktown Rollers,625
Nuclear Free Roller Derby / NF Bombs,722
Wilkes-Barre Scranton Roller Derby / Roller Radicals,569
Namur Roller Derby / Namur Roller Derby A,888
STATE COLLEGE AREA ROLLER DERBY / SCAR,685
Downriver Roller Dolls,695
Dirty Jersey Roller Derby / Dirty Jersey All Stars,732
INLAND EMPIRE ROLLER DERBY,643
Rockford Rage Women’s Roller Derby,658
Nuclear Free Roller Derby / nF Bombs,471
Maine Roller Derby / Old Port Brigade,668
Kallio Rolling Rainbow / All colours,793
Dock City Rollers / Achors,742
Barcelona Roller Derby / B-Ingles de Acero,673
SAM / SAM A,638
LOMME ROLLER DERBY / BAD BUNNIES,618
ROLLER DERBY TOULOUSE / NOTHING TOULOUSE,698
PARIS ROLLER DERBY / ALL STARS,768
Jet City Roller Derby / Jet City Roller Derby All Stars,725
Brewcity Bruisers / Battlestars,548
Roller Derby Madrid / A,727
Saskatoon Roller Derby / Mindfox,702
Chattanooga Roller Derby,777
Chattanooga Roller Derby / Chattanooga  All Stars,682
Antwerp Roller Derby / One Love Roller Dolls,651
North Texas Roller Derby / Fighting Unicorns,680
Ruhrpott Roller Derby / A,750
Metropolitan Roller Derby Chile / Metropolitan All Stars,742
Manchester Valkyries,650
Boston Roller Derby  / Boston Roller Derby B Team ,628
Philly Roller Derby / Philly Roller Derby B Team ,673
Dock City Rollers / Dock City Rollers - Anchors,547
Rat City Roller Derby / Rat City Roller Derby Rain of Terror,968
Peninsula Roller Derby / Supernovas B,1000
Rose City Rollers /  Axles of Annihilation,503
Arizona Roller Derby / Rising Star,676
Away Team,1443
Happy Valley Derby Darlings / Molly Morbids,751
Rat City Roller Derby  / Rat City Roller Derby All Stars,692
Paris Roller Derby / All Star,703
El Paso Roller Derby / TexPistols,620
El Paso Roller Derby / Pistol WhipHers,729
Tragic City Rollers,636
SOCAL DERBY / THE CUTTLEFISH,716
Birmingham Roller Derby / Birmingham Roller Derby B,698
Roller Derby Rennes Les Deferlantes,733
Oslo Roller Derby / A Team,719
Queen City Roller Derby / Lake Effect Furies,643
Gotham Roller Derby A / All Stars,764
Madison Roller Derby / The Herd,360
Windy City Rollers / All-Stars,655
Sailor City Rollers / Sailor,747
Atomic Bombs Roller Derby,571
Dublin Roller Derby / A,766
Stuttgart Valley Roller Derby / SVRD,761
Birmingham Roller Derby / A team,659
Roller Derby Dresden / Dresden Pioneers,630
Lutece Destroyeuses Roller Derby Paris / Les Encastreuses,548
London Roller Derby / Brawl Saints,706
Dublin Roller Derby / The Be Grands,760
Dom City Roller Derby / Dom City,712
Dom City Roller Derby / Dom City Dolls,755
Nor Cal Roller Girls,626
V Town,695
 Dirty Jersey RD / Dirty Jersey RD,691
Quad City Roller Derby,716
Orlando Roller Derby A,730
GLASGOW ROLLER DERBY / IRN BRUISERS,770
Angel City Derby / Rocket Queens,674
Dublin Roller Derby / B,746
Chattanooga B-Railers,714
Sun State Roller Derby / Swarm,365
Chattanooga All-Stars,627
Chattanooga B-Rollers,625
Roller Derby Clermont Ferrand / Auver'niaks,548
Wiltshire Roller Derby,743
Aalborg Roller Derby,705
TACONES BANDIDOS / TACONES BANDIDOS ,804
TACONES BANDIDOS,776
River City Roller Derby / Riot,448
Tampere Roller Derby / All-Stars,673
Stockholm Roller Derby / All Stars,597
Kingston Roller Derby / Team Ontario,426
BOGOTÁ BONE BREAKERS,1458
Dutchland Rollers / All Stars,636
Rat City Roller Derby / Rat City All Stars,632
Hard Breaking Dolls Prague ,844
Ithaca League of Women Rollers / Sufferjets,749
Malmö Roller Derby / Crime City Rollers B,683
Richland County Regulators Derby Team / Richland County Regulators,611
Appalachian Roller Derby / Appalachian Roller Derby All Stars,693
Greensboro Roller Derby,503
TACONES BANDIDOS ,614
Rockford Rage / Rockford Rage Women's Roller Derby,663
Oxford Roller Derby  / Oxford Roller Derby Blackbirds,722
Victorian Roller Derby League,628
Canberra Roller Derby League,380
Toronto Roller Derby / CN Power,627
Denver Roller Derby / Layovers,771
Calgary Roller Derby / Calgary Roller Derby All Stars,273
Rotterdam Roller Derby,668
Rotterdam Roller Derby / Death Row Honeys,90
Hard Knox Roller Derby / Hard Knox All Stars,593
Madison Roller Derby A,711
METROPOLITAN ROLLER DERBY CHILE / Metropolitan All Stars,700
Brewcity Bruisers / Allstars,607
Philly Roller Derby / Philly Roller Derby B-Team,639
Philly Roller Derby / Philly B,680
Steel City Roller Derby / Steel Hurtin,704
Black Rose Rollers,317
Downriver Roller Derby,637
Kansas City Roller Warriors / Kansas City Roller Warriors All Stars,782
Blue Ridge Roller Derby / Y'allStars,527
Schuylkill County Scream Queens,598
Gold Coast Derby Grrls,561
Brisbane City Rollers / Red Kennedys,709
Susquehanna Valley Derby Vixens / Vixens,691
Prairieland Punishers,606
Windy City Rollers  / All-Stars,827
Little City Roller Derby,742
Royal City Roller Derby / The Bruteleggers,721
Royal City Roller Derby,655
Charlotte Roller Derby / Team Charlotte,676
Western Australia Roller Derby / Wards Of The Skate,739
WA Roller Derby / Wards Of The Skate,739
Windy City Rollers  / Second Wind ,901
Sacramento Roller Derby A / MaulStars,642
San Fernando Valley Roller Derby / Like OMGs,667
Bay State Brawlers Roller Derby / Bay State Brawlers,637
Chattanooga Roller Derby / Chattanooga All-Stars,826
Texas Rollergirls / Chainsaws,781
Texas Rollergirls / Texecutioners,703
Sacramento Roller Derby B / Bruin Trouble ,611
Vette City Roller Derby / Vette City Venom,683
Angel City Derby / Shore Shots,688
Faultline Roller Derby / Derby Devilz,638
Montreal Roller Derby / Les Sexpos,630
Boston Roller Derby / Boston Roller Derby: B Team,674
Sacramento Roller Derby  / MaulStars,583
Adelaide Roller derby / Ads,490
R.O.C.K Roller Derby,751
Kansas City Roller Warriors,448
DOMINION DERBY GIRLS / DOMINION DERBY GIRLS ALL STARS,695
Dirty Jersey  / A Team,618
Rocket City Roller Derby / Rocket City,656
Blue Ridge Roller Derby,591
Roughneck Roller Derby / Tulsa Elite,484
Bux-Mont Roller Derby / Buxmont Roller Derby,647
Madison Roller Derby,496
Confluence Crush Roller Derby / Confluence Crush Charter,763
North Star Roller Derby,683
El Paso Roller Derby / Tex Pistols,862
Orlando Roller Derby / Ozone Slayers ,668
Connecticut Roller Derby / Connecticut All Stars,735
Windy City Rollers / Third Coast,395
Black-N-Bluegrass Roller Derby / Blackouts,693
Charlotte Roller Derby A,696
Atlanta / All Stars,634
Madison Roller Derby / Madison Roller Derby: The Herd,677
Dutchland Roller Derby / All-Stars,712
Roller Derby of Central Kentucky,769
Natural State Roller Derby,515
Dirty Jersey Roller Derby / Dirty Jersey All-Stars,714
Toronto Roller Derby / Toronto Roller Derby All Stars,694
Bay State Roller Derby / Bay State All-Stars,622
Confluence Crush Roller Derby,845
Akron Roller Derby,706
Burning River Roller Derby / HazMat Crew,667
Yellow Rose Roller Derby,693
Savannah Derby Devils,610
Elevated Roller Derby / Elevated Roller Derby All Stars,627
Leeds Roller Derby / A Team,501
New Hampshire Roller Derby / All-Stars,650
Diamond State Roller Derby,618
Akron Roller Derby / Akron All-Stars,637
Cincinnati Rollergirls / Black Sheep,556
Treasure Valley Roller Derby / All Star,698
EERIE ROLLER DERBY,667
Cornfed Roller Derby / Cornfed Roller Derby All-Stars,635
Jacksonville Roller Derby / New Jax City Rollers,717
MUSCOGEE ROLLER GIRLS,726
Free State Roller Derby / Black-Eyed Suzies,591
Detroit Roller Derby / Allstars B,810
Bay Area Roller Derby,690
London Rockin' Rollers Allstars / London Rockin' Rollers,612
London Rockin' Rollers,559
Minnesota Roller Derby / Minnesota Roller Derby: MNRD B,1002
Soul City Sirens,685
Oslo Roller Derby,658
Atlanta Roller Derby / Atlanta Rumble Bees,752
WILKES BARRE SCRANTON ROLLER DERBY A,780
Roller Derby Madrid,500
Detroit Roller Derby / Detroit Roller Derby Allstars A,655
Fox Cities Roller Derby,463
Akron Roller Derby / A,699
Springfield Roller Derby,688
NO COAST ROLLER DERBY / MAD MAXINES,738
Houston United Roller Derby,648
The Anguanas- Vicenza Roller Derby,533
Burning River Roller Derby / Hazmat Crew,758
Burning River Roller Derby / Burning River All-Stars,681
Ottawa Valley Roller Derby,536
Toronto Roller Derby / CN POWER,694
Bradentucky / Bombers,700
Ann Arbor Roller Derby / Ann Arbor A,711
Pikes Peak Roller Derby / Pikes Peak All Stars,618
High Altitude RD / Dark Sky Starlets,632
Connecticut Roller Derby A,668
Harrisburg Area Roller Derby  / Fallouts,694
Adelaide Roller Derby / Rads,635
Ohio Roller Derby / Ohio All-Stars,646
Salt City Roller Derby / Salt City,685
Tallahassee Roller Derby,532
Tri-City Roller Derby,665
Charlotte Roller Derby / Team Charlotte (A Team NA South),649
Vette City Roller Derby / Vette City Vixens,687
Wilkes Barre/Scranton RD / Roller Radicals,761
River City Roller Derby / River City Riot!,516
Windy City Roller / All-Stars,645
Helsinki Roller Derby / Helsinki Bees,728
Panhandle United / Panhandle United Allstars,662
Windy City Roller / Second Wind,704
The Herd / Madison Roller Derby,700
Minnesota Roller Derby / B Team,745
Burning River Roller Derby / Haz Mat Crew,672
Zurich City Roller Derby / AllstarZ,654
Alamo City Roller Girls / Las Tejanas,722
KALLIO ROLLING RAINBOW,717
Texas Rollergirls,690
Rebellion Roller Derby,678
Philly Roller Derby  / Philly Roller Derby B Team,592
Rockcity Rollers,661
Gem City Roller Derby / Gem City Roller Derby Purple Reign,623
Connecticut Roller Derby / Connecticut  All-Stars,756
Fox Cities Roller Derby / FCRD-All Stars,665
Inland Empire Derby Divas,705
Vette City Roller Derby / Vixens,691
Detroit Roller Derby  / Detroit Allstars A,753
Detroit Roller Derby  / Detroit Allstars B,655
Gothenburg Roller Derby		,413
Paris Roller Derby  / All Stars,674
RoughNeck Roller Derby / Elite,667
Elevated RD / All Stars,663
Southern Delaware Roller Derby / All Stars,666
Roe City Rollers  / Roe City Rollers All-stars,605
NOVA Roller Derby / Super NOVAS,660
CAPITAL CITY CRUSHERS,782
Brewcity Bruisers Milwaukee Roller Derby / Brewcity Bruisers All Stars,937
Bay Area Derby / Bay Area Derby - All Stars,681
Atlanta Roller Derby / Rumble Bs,720
Norfolk Roller Derby / The Norfolk Brawds A,680
Tiger Bay Brawlers,687
Copenhagen Roller Derby / Copenhagen Team A,659
Detroit Roller Derby / DRD Allstars,754
Detroit Roller Derby / Detroit B,664
Rainy City Roller Derby / Rainy City All Stars,813
Lehigh Valley Roller Derby / Lehigh Valley Roller Derby All Stars,663
Roller Derby Quebec / Les Duchesses,700
Copenhagen Roller Derby  / Copenhagen Team A,637
Auver'Niaks Roller Derby  / Les Auver'Niaks,726
Windy City Roller Derby / Windy City Third Coast,779
Windy City Roller Derby / Windy City All Stars,791
Vicenza Roller Derby / The Anguanas,661
Downriver Roller Dolls / Downriver Roller Dolls (Doll Stars),637
Manchester Roller Derby / Valkiries,642
Cornfed Roller Derby / Cornfed All- Stars,681
Vicenza Roller Derby  / The Anguanas,624
BrewCity Bruisers / BrewCity Bruisers All-Stars,738
Hard Breaking Dolls,670
Classic City Rollergirls / Classic City Rollergirls All-Stars,596
RuhrPott Roller Derby,756
Jacksonville Roller Derby / New Jax Rollers,685
Rebellion Roller Derby / A,702
Rainy City Roller Derby / B,706
Tampa Roller Dery / Bruise Crew,792
Vette City Roller Derby A,711
Vette City Roller Derby B,740
Susquehanna Valley Derby Vixens / The Vixens,645
Greater Vancouver Roller Derby,752
VALENCIA ROLLER DERBY / RAYO DOCKERS,699
BARCELONA ROLLER DERBY / INGLES DE ACERO,801
Steel City / Steel Hurtin',667
Fox Cities Roller Derby / A,666
Ventura County Derby Darlins / Battalion of Skates,631
Rocket City Roller Derby,705
Aalborg Roller Derby / Allstars,750
Hard Breaking Dolls / All-Stars,634
Cornfed Roller Derby A,699
Tiger Bay Brawlers / Brawlers,694
East Vic Roller Derby / Witches,760
Houston Roller Derby / All Stars,596
Ann Arbor Roller Derby / Ann Arbor A Team,788
Harrisburg Area Roller Derby / HARD,695
RollerDerby Toulouse / Nothing Toulouse,785
Calgary Roller Derby Association / All-Stars,765
Roller Derby Rennes / Les Déferlantes,705
Liverpool Roller Birds / A,686
Black Rose Rollers / Black Rose Allstars,846
Rock Town Roller Derby / Rock Town,685
Free State Roller Derby / Black-Eyed Suzie,741
DOWNRIVER ROLLER DOLLS / DOWNRIVER,714
WEST COAST DERBY KNOCKOUTS / TKO'S,756
Fox Cities Roller Derby / Fox Cities Allstars,741
Aroostook Roller Derby / BioHazards,731
Norrköping Rollerderby / A-Team,657
Namur Roller Derby / Namur Roller Derby: Les Parpaings,726
Orléans Roller Derby / Les Simones,332
SAM ROLLER DERBY / SAM A,336
AuverNiaks,620
Greater Vancouver Roller Derby / GVRD,674
SAM Roller Derby / A,672
Columbia Roller Derby / Quad Squad,697
