Team,Glicko-2 Rating,Rating Deviation,Rating Volatility,V,Delta
Roller Derby Brest / Toustes Étoiles,1500,350,0.06,0,0
Paris Roller Derby / All-Stars,1500,350,0.06,0,0
Panhandle United Roller Derby / Panhandle United Roller Derby Allstars,1500,350,0.06,0,0
Antwerp Roller Derby / Pack of Destruction,1500,350,0.06,0,0
Bogotá Bone Breakers,1500,350,0.06,0,0
Atomic Bombs Roller Derby / Atomic Bombs ,1500,350,0.06,0,0
2x4 Roller Derby / Lxs Pibxs,1500,350,0.06,0,0
Sailor City Rollers,1500,350,0.06,0,0
Bogota Bone Breakers,1500,350,0.06,0,0
2x4 Roller Derby / Team Osom,1500,350,0.06,0,0
Copenhagen Roller Derby / Copenhagen Roller Derby A-Team,1500,350,0.06,0,0
Gotham Roller Derby  / Gotham Roller Derby Wall Street Traitors,1500,350,0.06,0,0
Connecticut Roller Derby / Connecticut All Stars ,1500,350,0.06,0,0
Reading Roller Derby,1500,350,0.06,0,0
London Roller Derby / London Brawling,1500,350,0.06,0,0
Wasatch Roller Derby / Midnight Terror,1500,350,0.06,0,0
Rose City Rollers / Wheels of Justice,1500,350,0.06,0,0
Rat City Roller Derby / Rat City Roller Derby All Stars,1500,350,0.06,0,0
Peninsula Roller Derby / Supernovas A ,1500,350,0.06,0,0
Montreal Roller Derby / New Skids on the Block,1500,350,0.06,0,0
Harrisburg Area Roller Derby / Nuclear Knockouts,1500,350,0.06,0,0
Eves of Destruction,1500,350,0.06,0,0
Denver Roller Derby / Mile High Club,1500,350,0.06,0,0
West Coast Derby Knockouts / TKOs,1500,350,0.06,0,0
Victorian Roller Derby League / All Stars,1500,350,0.06,0,0
Home Team,1500,350,0.06,0,0
Pikes Peak Roller Derby / All-Stars,1500,350,0.06,0,0
Peninsula Roller Derby / Supernovas B ,1500,350,0.06,0,0
Peninsula Roller Derby  / Supernovas B,1500,350,0.06,0,0
Nantes Roller Derby / Les Duc.hesse.s,1500,350,0.06,0,0
Fabulous Sin City Roller Derby / Ace of Spades,1500,350,0.06,0,0
Fabulous Sin City Roller Derby / Black Spade Bruisers,1500,350,0.06,0,0
Columbia Roller Derby / Columbia QuadSquad,1500,350,0.06,0,0
CENTRAL COAST ROLLER DERBY / THE SK805,1500,350,0.06,0,0
Black n Bluegrass Rollergirls / Blackouts,1500,350,0.06,0,0
Bergen Roller Derby / Wet City Rollers,1500,350,0.06,0,0
Angel City Derby / Hollywood Scarlets,1500,350,0.06,0,0
Arch Rival Roller Derby / Arch Rival All Stars,1500,350,0.06,0,0
Zurich City Roller Derby / Allstar Z,1500,350,0.06,0,0
Windy City Rollers / All Star,1500,350,0.06,0,0
Windy City Rollers / Second Wind,1500,350,0.06,0,0
Queer City Roller Derby / Lake Effect Furies,1500,350,0.06,0,0
Oxford Roller Derby / Oxford Roller Derby Blackbirds,1500,350,0.06,0,0
Oslo Roller Derby / Oslo Roller Derby A,1500,350,0.06,0,0
Norfolk Roller Derby / Norfolk Brawds A Team,1500,350,0.06,0,0
Windy City Rollers / All Stars,1500,350,0.06,0,0
Santa Cruz Roller Derby / Boardwalk Bombshells,1500,350,0.06,0,0
Quad City Rollers,1500,350,0.06,0,0
Norfolk Roller Derby / Norfolk Brawds - A Team,1500,350,0.06,0,0
Gotham Roller Derby / Wall Street Traitors,1500,350,0.06,0,0
Gotham Roller Derby / All Stars,1500,350,0.06,0,0
2x4 Roller Derby / OSOM,1500,350,0.06,0,0
Tiger Bay Brawlers / Allstars,1500,350,0.06,0,0
Tiger Bay Brawlers / Challengers,1500,350,0.06,0,0
St. Pauli Roller Derby / A,1500,350,0.06,0,0
P,1500,350,0.06,0,0
Oulu Roller Derby,1500,350,0.06,0,0
Kansas City Roller Warriors / Kansas City Roller Warriors All-Stars,1500,350,0.06,0,0
Dock City Rollers / Anchors,1500,350,0.06,0,0
Crime City Rollers / B,1500,350,0.06,0,0
Copenhagen Roller Derby / Copenhagen Roller Derby A,1500,350,0.06,0,0
Brussels Roller Derby / La Drache,1500,350,0.06,0,0
Bristol Roller Derby / Charter Team,1500,350,0.06,0,0
Birmingham Roller Derby / (A team),1500,350,0.06,0,0
Auld Reekie Roller Derby / A,1500,350,0.06,0,0
Tiger Bay Brawlers / All Stars,1500,350,0.06,0,0
Santa Cruz Roller Derby / Santa Cruz Boardwalk Bombshells - A,1500,350,0.06,0,0
Peninsula Roller Derby / Slam Andreas,1500,350,0.06,0,0
Humboldt Roller Derby / Redwood Rollers,1500,350,0.06,0,0
Free State RD / Black Eyed Suzies,1500,350,0.06,0,0
Chicago-Style Roller Derby / A Team,1500,350,0.06,0,0
Bradentucky Bombers Roller Derby A,1500,350,0.06,0,0
BELFAST ROLLER DERBY,1500,350,0.06,0,0
Bakersfield Diamond Divas / Diamond Divas,1500,350,0.06,0,0
Auld Reekie Roller Derby / B,1500,350,0.06,0,0
Texas Texecutioners,1500,350,0.06,0,0
Tampa Bruise Crew,1500,350,0.06,0,0
Bear City Roller Derby,1500,350,0.06,0,0
Vienna Roller Derby / Vienna Roller Derby All Stars,1500,350,0.06,0,0
Texas Chainsaws,1500,350,0.06,0,0
Tampa Tantrums,1500,350,0.06,0,0
SoCal Derby / The Cuttlefish,1500,350,0.06,0,0
SoCal Derby / The Kraken,1500,350,0.06,0,0
Roller Derby Toulouse / Nothing Toulouse,1500,350,0.06,0,0
Roller Derby Iceland / Ragnarök,1500,350,0.06,0,0
Rainy City Roller Derby / All Stars,1500,350,0.06,0,0
Paris Roller Derby / All Stars,1500,350,0.06,0,0
Harpies Roller Derby Milano / Harpies,1500,350,0.06,0,0
Grand Raggidy Roller Derby / All-Stars,1500,350,0.06,0,0
Crime City Rollers / A-team,1500,350,0.06,0,0
Auverniaks Roller Derby / Les Auver'Niaks,1500,350,0.06,0,0
Arizona Roller Derby / Arizona Rising,1500,350,0.06,0,0
ROCK AND ROLLER QUEENS,1500,350,0.06,0,0
CAPITAL RATS ROLLER DERBY,1500,350,0.06,0,0
Wine Town Roller Derby / Whine Makers,1500,350,0.06,0,0
West Coast Derby Knockouts,1500,350,0.06,0,0
Twin Valleys Roller Derby,1500,350,0.06,0,0
Monterey Bay Roller Derby / Beasts of Eden,1500,350,0.06,0,0
Lowcontry Highrollers / All Stars,1500,350,0.06,0,0
Lomme Roller Derby / Bad Bunnies,1500,350,0.06,0,0
Kallio Rolling Rainbow / All Colours,1500,350,0.06,0,0
Helsinki Roller Derby / All-Stars,1500,350,0.06,0,0
Gallatin Roller Derby / Team Montana,1500,350,0.06,0,0
Buxmont Roller Derby / Sirens,1500,350,0.06,0,0
Treasure Valley Roller Derby / All Stars,1500,350,0.06,0,0
Tragic City Rollers / Tragic City All-Stars,1500,350,0.06,0,0
Sierra Regional Roller Derby / Sierra Regional All Stars,1500,350,0.06,0,0
Rose City Rollers / Axles of Annihilation,1500,350,0.06,0,0
Rage City Roller Derby / Rage City All*Stars,1500,350,0.06,0,0
Oxford Roller Derby ,1500,350,0.06,0,0
Nashville Roller Derby,1500,350,0.06,0,0
Montreal Roller Derby / The Sexpos,1500,350,0.06,0,0
Lowcountry Highrollers / All Stars,1500,350,0.06,0,0
High Altitude Roller Derby / Dark Sky Starlets,1500,350,0.06,0,0
Helsinki Roller Derby / Bees,1500,350,0.06,0,0
Greater Vancouver Roller Derby Association,1500,350,0.06,0,0
Gem City Roller Derby / Purple Reign,1500,350,0.06,0,0
Dirty Jersey Roller Derby / All Stars,1500,350,0.06,0,0
Charlotte Roller Derby / Bad Assets,1500,350,0.06,0,0
Charlotte Roller Derby / Mecklenburg Maulers,1500,350,0.06,0,0
Carolina Roller Derby,1500,350,0.06,0,0
BOGOTÁ BONE BREAKERS / BOGOTÁ BONE BREAKERS ,1500,350,0.06,0,0
As Brigantias Roller Derby A Coruña ,1500,350,0.06,0,0
ROCK AND ROLLER QUEENS ,1500,350,0.06,0,0
Gotham Roller Derby / All-Stars,1500,350,0.06,0,0
Brisbane City Rollers,1500,350,0.06,0,0
Sun State Roller Derby,1500,350,0.06,0,0
Rose City Rollers,1500,350,0.06,0,0
Peninsula Roller Derby (League) / Slam Andreas,1500,350,0.06,0,0
Hammer City Roller Derby / Eh! Team,1500,350,0.06,0,0
Detroit Roller Derby / Allstars A,1500,350,0.06,0,0
Baja Roller Derby,1500,350,0.06,0,0
Tucson Roller Derby / Javelina Havoc,1500,350,0.06,0,0
Tri-City Roller Derby / Thunder,1500,350,0.06,0,0
Tampa Roller Derby / Tantrums,1500,350,0.06,0,0
Rose City Rollers / Rose City Rollers: Axles of Annihilation,1500,350,0.06,0,0
Peninsula Roller Derby (League) / Supernovas B,1500,350,0.06,0,0
Peninsula Roller Derby (League) / Supernovas A,1500,350,0.06,0,0
Norfolk Roller Derby / Norfolk Brawds,1500,350,0.06,0,0
Newcastle Roller Derby / Canny Belters,1500,350,0.06,0,0
Liverpool Roller Birds / Sisters of Mersey,1500,350,0.06,0,0
Greenville Roller Derby,1500,350,0.06,0,0
Chicago-Style Roller Derby A,1500,350,0.06,0,0
Barcelona Roller Derby / Ingles de Acero,1500,350,0.06,0,0
Ann Arbor Roller Derby / Ann Arbor Roller Derby ,1500,350,0.06,0,0
Rose City / Rose City Rollers: Axles of Annihilation,1500,350,0.06,0,0
Bay Area Derby / Bay Area All Stars,1500,350,0.06,0,0
TACONES BANDIDOS ROLLER DERBY / Tacones Bandidos All Stars,1500,350,0.06,0,0
North Star Roller Derby / Supernovas,1500,350,0.06,0,0
Minnesota Roller Derby / Minnesota Nice,1500,350,0.06,0,0
Ithaca League of Women Rollers / SufferJets,1500,350,0.06,0,0
Brisbane City Rollers / Punk Blockers,1500,350,0.06,0,0
Stockholm Roller Derby / Stockholm Roller Derby Allstars,1500,350,0.06,0,0
Salt City Roller Derby,1500,350,0.06,0,0
Rockford Rage Women's Roller Derby,1500,350,0.06,0,0
Minnesota Roller Derby,1500,350,0.06,0,0
Flint Roller Derby,1500,350,0.06,0,0
Dallas Derby Devils / Army of Darkness,1500,350,0.06,0,0
Black Rose Rollers / All-Stars,1500,350,0.06,0,0
Twister City Roller Derby / Victory All Star Squad,1500,350,0.06,0,0
Columbia Roller Derby / QuadSquad,1500,350,0.06,0,0
Victorian Roller Derby League / Thunder Bees,1500,350,0.06,0,0
State College Area Roller Derby  / SCAR Derby ,1500,350,0.06,0,0
South Shore Roller Derby / Runaways,1500,350,0.06,0,0
Rocky Mountain Roller Derby / 5280 Fight Club,1500,350,0.06,0,0
Peninsula Roller Derby  / Supernovas A,1500,350,0.06,0,0
Ohio Valley Roller Derby,1500,350,0.06,0,0
Mass Attack Roller Derby / All Stars,1500,350,0.06,0,0
Hard Knox Roller Derby A,1500,350,0.06,0,0
Grand Raggidy Roller Derby / All Stars,1500,350,0.06,0,0
Grand Raggidy Roller Derby / Grand Raggidy All Stars,1500,350,0.06,0,0
Fort Myers Roller Derby,1500,350,0.06,0,0
East Vic Roller Derby,1500,350,0.06,0,0
East Vic Roller Derby / Witches Of East Vic,1500,350,0.06,0,0
Bay Area Derby  / Bay Area Derby All Stars ,1500,350,0.06,0,0
Arch Rival Roller Derby / All Stars,1500,350,0.06,0,0
Ventura County Derby Darlins / Vendolls,1500,350,0.06,0,0
Twin State Roller Derby / Upper Valley Vixons,1500,350,0.06,0,0
Sacramento Roller Derby B  / Bruin Trouble,1500,350,0.06,0,0
Red Stick / Capital Defenders ,1500,350,0.06,0,0
Red Stick Roller Derby / Red Stick Roller Derby All Stars,1500,350,0.06,0,0
Peninsula Roller Derby  / Supernovas B ,1500,350,0.06,0,0
Gem City Roller Derby / Violet Femmes,1500,350,0.06,0,0
Central Coast Roller Derby / SK805,1500,350,0.06,0,0
Boston Roller Derby / Boston Roller Derby: A Team,1500,350,0.06,0,0
Black-n-Bluegrass Roller Girls,1500,350,0.06,0,0
Bay Area Derby / Bay Area Derby All Stars ,1500,350,0.06,0,0
Arch Rival Roller Derby / Arch Nemesis,1500,350,0.06,0,0
Angel City Derby  / Angel City Derby - RAD TEAM ,1500,350,0.06,0,0
Angel City Derby / Angel City Derby - RAD TEAM,1500,350,0.06,0,0
Victorian Roller Derby League / Thunder,1500,350,0.06,0,0
Glasgow Roller Derby / Irn Bruisers,1500,350,0.06,0,0
Capital City Crushers,1500,350,0.06,0,0
Tampa Roller Derby / Tampa Tantrums,1500,350,0.06,0,0
South Bend Roller Derby / Studebreakers,1500,350,0.06,0,0
Philly Roller Derby,1500,350,0.06,0,0
Renegade Derby Dames / Striking Vikings,1500,350,0.06,0,0
FREDERICKSBURG ROLLER DERBY / FREDERICKSBURG ROLLER DERBY ALL STARS,1500,350,0.06,0,0
Erie Roller Derby,1500,350,0.06,0,0
Connecticut Roller Derby / All Stars,1500,350,0.06,0,0
Chattanooga Roller Derby / B-Railers,1500,350,0.06,0,0
Chattanooga Roller Derby / Chattanooga All Stars,1500,350,0.06,0,0
Ann Arbor Roller Derby,1500,350,0.06,0,0
Alamo Ctiy Roller Girls / Las Tejanas,1500,350,0.06,0,0
Minnesota Roller Derby / MNRD B,1500,350,0.06,0,0
Mid-State Roller Derby / All Stars,1500,350,0.06,0,0
Madison Roller Derby / The Herd (SATURDAY),1500,350,0.06,0,0
Los Alamos Derby Dames,1500,350,0.06,0,0
Gotham Roller Derby / Gotham B Team,1500,350,0.06,0,0
Gotham Roller Derby / Gotham All Stars,1500,350,0.06,0,0
Boston Roller Derby / Boston Roller Derby A Team,1500,350,0.06,0,0
Boston Roller Derby / Boston Roller Derby B Team,1500,350,0.06,0,0
Madison Roller Derby / The Herd (FRIDAY),1500,350,0.06,0,0
Black Rose Rollers / All Stars,1500,350,0.06,0,0
Twister City Roller Derby / Victory All-Star Squad,1500,350,0.06,0,0
Traverse City Roller Derby,1500,350,0.06,0,0
Roc City Roller Derby / Roc Stars,1500,350,0.06,0,0
Lowcountry Highrollers,1500,350,0.06,0,0
Jacksonville / New Jax City Rollers,1500,350,0.06,0,0
Gotham Roller Derby / Gotham Roller Derby All-Stars,1500,350,0.06,0,0
Garden State Roller Derby / Ironbound Maidens,1500,350,0.06,0,0
Fargo Moorhead Derby Girls,1500,350,0.06,0,0
Enchanted Mountain Roller Derby / Hellbilly Heartbreakers,1500,350,0.06,0,0
Assassination City Roller Derby / Conspiracy,1500,350,0.06,0,0
Springfield Roller Derby / All Stars,1500,350,0.06,0,0
Red Stick Roller Derby / Capital Defenders,1500,350,0.06,0,0
Ottawa Valley Roller Derby / Rapids,1500,350,0.06,0,0
Lehigh Valley Roller Derby / Lehigh Valley All-Stars,1500,350,0.06,0,0
Druid City Derby,1500,350,0.06,0,0
Dallas Derby Devils / Battalion of Doom,1500,350,0.06,0,0
Circle City Roller Derby / Socialites,1500,350,0.06,0,0
Norrköping Roller Derby,1500,350,0.06,0,0
Bristol Roller Derby / Bristol Roller Derby Charter Team,1500,350,0.06,0,0
Arizona Roller Derby / Rising,1500,350,0.06,0,0
Angel City Derby / Rad Team,1500,350,0.06,0,0
Rock Town Roller Derby / Queen Team,1500,350,0.06,0,0
Peterborough Area Roller Derby,1500,350,0.06,0,0
No Coast Roller Derby / Mad Maxines,1500,350,0.06,0,0
Muscogee Roller Girls,1500,350,0.06,0,0
Burning River Roller Derby / All-Stars,1500,350,0.06,0,0
Boston Roller Derby / Boston Roller Derby: C Team,1500,350,0.06,0,0
Arizona Roller Derby / All Stars,1500,350,0.06,0,0
Tiger Bay Brawlers / All-Stars,1500,350,0.06,0,0
Memphis Roller Derby,1500,350,0.06,0,0
Bay State Brawlers / Brawlers,1500,350,0.06,0,0
Harrisburg Area Roller Derby,1500,350,0.06,0,0
Rock Town Roller Derby / Rocktown,1500,350,0.06,0,0
Natural State Roller Derby / Natural State,1500,350,0.06,0,0
Jet City Roller Derby,1500,350,0.06,0,0
Denver Roller Derby / Bruising Altitude,1500,350,0.06,0,0
SUSQUEHANNA VALLEY DERBY VIXENS,1500,350,0.06,0,0
Naptown Roller Derby,1500,350,0.06,0,0
Happy Valley Derby Darlins / Molly Morbids,1500,350,0.06,0,0
Denver roller Derby / Mile High Club,1500,350,0.06,0,0
Wine Town Rollers / Whine Makers,1500,350,0.06,0,0
Santa Cruz Roller Derby / Harbor Hellcats,1500,350,0.06,0,0
Rainy City Roller Derby / Reckoning,1500,350,0.06,0,0
PEACH STATE ROLLER DERBY,1500,350,0.06,0,0
Northern Arizona Roller Derby / Whiskey Row-llers,1500,350,0.06,0,0
Gallatin Roller Derby / Mountain Mayhem,1500,350,0.06,0,0
Brighton Rockers Roller Derby,1500,350,0.06,0,0
Windy City Rollers / Windy City Rollers: Second Wind,1500,350,0.06,0,0
Windy City Rollers / Windy City Rollers: All-Stars,1500,350,0.06,0,0
West Florida Roller Derby,1500,350,0.06,0,0
Vienna Roller Derby / Vienna A,1500,350,0.06,0,0
Santa Cruz Roller Derby / Santa Cruz Harbor Hellcats,1500,350,0.06,0,0
Sacramento Roller Derby / MaulStars,1500,350,0.06,0,0
Ottawa Valley Roller Derby / Ottawa Valley Rapids,1500,350,0.06,0,0
Ohio Roller Derby,1500,350,0.06,0,0
Northern Arizona Roller Derby / Wild West Outlaws,1500,350,0.06,0,0
Los Alamos Derby Dames League / Los Alamos Derby Dames,1500,350,0.06,0,0
Lomme Roller Girls / Bad Bunnies,1500,350,0.06,0,0
Gallatin Roller Derby / Team Montana Roller Derby,1500,350,0.06,0,0
Elevated Roller Derby / All Stars,1500,350,0.06,0,0
Chicago-Style Roller Derby / A,1500,350,0.06,0,0
BOULDER COUNTY ROLLER DERBY / FLATIRON PHOENIXES,1500,350,0.06,0,0
Palouse River Rollers,1500,350,0.06,0,0
Les Quads de Paris / La Boucherie de Paris,1500,350,0.06,0,0
Steel City Roller Derby / Steel Beamers,1500,350,0.06,0,0
Steel City Roller Derby / Steel Hurtin',1500,350,0.06,0,0
Roller Derby Quebec,1500,350,0.06,0,0
Orlando Roller Derby / Ozone Slayers,1500,350,0.06,0,0
Calgary Roller Derby / CRD All Stars,1500,350,0.06,0,0
Brewcity Bruisers / AllStars,1500,350,0.06,0,0
Bellingham Roller Betties / All Stars,1500,350,0.06,0,0
Arizona Roller Derby / Arizona Rising ,1500,350,0.06,0,0
Sun State Roller Derby / Killer Bees,1500,350,0.06,0,0
Penn Jersey Roller Derby A,1500,350,0.06,0,0
Helsinki Roller Derby / All Stars,1500,350,0.06,0,0
Dock City Rollers / Dock City Anchors,1500,350,0.06,0,0
Dirty Jersey Roller Derby / All-Stars,1500,350,0.06,0,0
Adelaide Roller Derby / Ads,1500,350,0.06,0,0
Susquehanna Valley Derby Vixens,1500,350,0.06,0,0
South Sea Roller Derby / Sirens,1500,350,0.06,0,0
Perth Roller Derby / West Coast Evils,1500,350,0.06,0,0
Nantes Roller Derby / Les Duchesses,1500,350,0.06,0,0
Madison Roller Derby / Dairyland Dolls,1500,350,0.06,0,0
Kingston Roller Derby / Rogue Warriors,1500,350,0.06,0,0
Hartford Area Roller Derby / Hartford Wailers,1500,350,0.06,0,0
Detroit Roller Derby / Detroit Roller Derby- A,1500,350,0.06,0,0
Detroit Roller Derby / Detroit Roller Derby- B,1500,350,0.06,0,0
Chattanooga Roller Derby / Chattanooga B-Railers,1500,350,0.06,0,0
Schuylkill County Scream Queens / Scream Queens,1500,350,0.06,0,0
Montreal Roller Derby / Sexpos,1500,350,0.06,0,0
Demolition City Roller Derby / Destroyers,1500,350,0.06,0,0
Dallas Derby Devils / DDD: Army of Darkness,1500,350,0.06,0,0
Stockholm Roller Derby / Allstars,1500,350,0.06,0,0
Free State Roller Derby / Rock Villians,1500,350,0.06,0,0
Fargo Moorhead Derby Girls / A Team,1500,350,0.06,0,0
Bay State Brawlers Roller Derby / Brawlers,1500,350,0.06,0,0
Tampa Roller Derby / Bruise Crew,1500,350,0.06,0,0
Pikes Peak Roller Derby / All Stars,1500,350,0.06,0,0
Peninsula Roller Derby / Supernovas A,1500,350,0.06,0,0
Anchor City Rollers / Harbour Grudges,1500,350,0.06,0,0
Valencia Roller Derby / Rayo Dockers,1500,350,0.06,0,0
Tiger Bay Brawlers  / Tiger Bay Brawlers - Allstars,1500,350,0.06,0,0
Team Montana,1500,350,0.06,0,0
Roller Derby Québec / Équipe A,1500,350,0.06,0,0
Muddy River Rollers / Lumbersmacks,1500,350,0.06,0,0
Denver Roller Derby / Standbys,1500,350,0.06,0,0
Crime City Rollers,1500,350,0.06,0,0
Cornfed Roller Derby / All Stars,1500,350,0.06,0,0
Blue Ridge Roller Derby / Y'all Stars,1500,350,0.06,0,0
580 RollerGirls,1500,350,0.06,0,0
TAMPERE ROLLER DERBY,1500,350,0.06,0,0
State College Area Roller Derby,1500,350,0.06,0,0
Auld Reekie Roller Derby / All Stars,1500,350,0.06,0,0
Atlanta Roller Derby  / Atlanta Dirty South Derby,1500,350,0.06,0,0
Atlanta Roller Derby  / Atlanta Rumble B's,1500,350,0.06,0,0
Tampere Roller Derby,1500,350,0.06,0,0
Oxford Roller Derby / Oxford Roller Derby A,1500,350,0.06,0,0
New Hampshire Roller Derby / NH Roller Derby All Stars,1500,350,0.06,0,0
Gem City Roller Derby / GCRD Purple Reign,1500,350,0.06,0,0
Atlanta Roller Derby / Atlanta Dirty South Derby,1500,350,0.06,0,0
Atlanta Roller Derby / Atlanta Rumble B's,1500,350,0.06,0,0
Philly Roller Derby  / Philly Roller Derby,1500,350,0.06,0,0
Atlanta Roller Derby  / Dirty South Derby,1500,350,0.06,0,0
Vienna Roller Derby,1500,350,0.06,0,0
Aalborg Roller Derby       ,1500,350,0.06,0,0
WineTown Roller Derby,1500,350,0.06,0,0
Traverse City Roller Derby / Toxic Cherries,1500,350,0.06,0,0
Rock Town Roller Derby,1500,350,0.06,0,0
PPRD / All-Stars,1500,350,0.06,0,0
Oslo Roller Derby		,1500,350,0.06,0,0
Morgantown Roller Derby / Morgantown Roller Vixens,1500,350,0.06,0,0
Hartford Area Roller Derby / Wailers,1500,350,0.06,0,0
Dutchland Derby Rollers / All Stars,1500,350,0.06,0,0
Bradentucky Bombers / Bomb Squad,1500,350,0.06,0,0
TULSA ELITE,1500,350,0.06,0,0
Rockford Rage Women's Roller Derby / Rockford Rage ,1500,350,0.06,0,0
Bristol Roller Derby  / Charter Team,1500,350,0.06,0,0
Roller Derby Caen  / Leopard Avengers ,1500,350,0.06,0,0
Penn Jersey Roller Derby / Devils,1500,350,0.06,0,0
North Star Roller Derby / NSRD Supernovas,1500,350,0.06,0,0
Minnesota Roller Derby / MN Nice,1500,350,0.06,0,0
Black Rose Rollers / Black Rose Rollers All Stars,1500,350,0.06,0,0
Auverniak's Roller Derby  / Les Auver'Niaks,1500,350,0.06,0,0
Twin State Derby / Vixens,1500,350,0.06,0,0
Tampere Roller Derby / All Stars,1500,350,0.06,0,0
Royal City Roller Derby / Bruteleggers,1500,350,0.06,0,0
Rotterdam Roller Derby  / Death Row Honeys,1500,350,0.06,0,0
Philly Roller Derby / Philly Roller Derby B Team,1500,350,0.06,0,0
Philly Roller Derby / Philly Roller Derby A-Team,1500,350,0.06,0,0
Paris Roller Derby / Les Quedalles,1500,350,0.06,0,0
Minnesota Roller Derby / MNRD Allstars,1500,350,0.06,0,0
Blue Ridge Roller Derby / The Retrogrades,1500,350,0.06,0,0
Bear City Roller Derby / Wallstars,1500,350,0.06,0,0
B.M.O. Roller Derby Girls / Toustes Etoiles,1500,350,0.06,0,0
Fox Cities Roller Derby / Fox Cities Roller Derby All-Stars,1500,350,0.06,0,0
Fort Collins Roller Derby / Fort Collins MicroBrewsers,1500,350,0.06,0,0
Elevated Roller Derby,1500,350,0.06,0,0
Tragic City Roller Derby / Tragic City All-Stars,1500,350,0.06,0,0
Stuttgart Valley Roller Derby,1500,350,0.06,0,0
Nantes Roller Derby / Duc.hesse.s,1500,350,0.06,0,0
Lowcountry Highrollers A,1500,350,0.06,0,0
Kallio Rolling Rainbow,1500,350,0.06,0,0
Fort Collins Roller Derby / MicroBrewsers,1500,350,0.06,0,0
Boulder County Roller Derby / Flatiron Phoenixes,1500,350,0.06,0,0
Atlanta Roller Derby / Dirty South Derby,1500,350,0.06,0,0
Appalachian Roller Derby,1500,350,0.06,0,0
Connecticut Roller Derby  / Connecticut All Stars,1500,350,0.06,0,0
Birmingham Roller Derby,1500,350,0.06,0,0
Auld Reekie / A,1500,350,0.06,0,0
Orlando Roller Derby / Sun Blockers,1500,350,0.06,0,0
Orlando Roller Derby / O-zone Slayers,1500,350,0.06,0,0
Burning River Roller Derby A,1500,350,0.06,0,0
Burning River Roller Derby B,1500,350,0.06,0,0
Schuylkill County Scream Queens / The Scream Queens,1500,350,0.06,0,0
ROLLER DERBY MADRID,1500,350,0.06,0,0
Les Quads de Paris / La Boucherie,1500,350,0.06,0,0
AS BRIGANTIAS ROLLER DERBY A CORUÑA,1500,350,0.06,0,0
Ohio Roller Derby / Charter Team,1500,350,0.06,0,0
NOVA Roller Derby / SuperNOVAs,1500,350,0.06,0,0
Nantes Roller Derby / Les Duc.hesses,1500,350,0.06,0,0
Red Stick Roller Derby / All Stars,1500,350,0.06,0,0
Fabulous Sin City Roller Derby / Ace Of Spades,1500,350,0.06,0,0
Druid City Derby / Druid City Dames,1500,350,0.06,0,0
Gothenburg Roller Derby / Aqwarriors,1500,350,0.06,0,0
Bristol Roller Derby / A,1500,350,0.06,0,0
South Sea Roller Derby / Banshees,1500,350,0.06,0,0
Chicago-Style Roller Derby / CSRD A Team,1500,350,0.06,0,0
Atlanta Roller Derby / Rumble B's,1500,350,0.06,0,0
Dutchland Derby Rollers / Dutchland All Stars,1500,350,0.06,0,0
301 Derby Dames,1500,350,0.06,0,0
Auver'Niaks APR63 / Auver'Niaks,1500,350,0.06,0,0
Saskatoon Roller Derby League / Mindfox,1500,350,0.06,0,0
Columbia Roller Derby / Columbia Quadsquad,1500,350,0.06,0,0
Panhandle United Roller Derby,1500,350,0.06,0,0
NANTES ROLLER DERBY / LES DUC.HESSE.S,1500,350,0.06,0,0
Rocktown Rollers,1500,350,0.06,0,0
Nuclear Free Roller Derby / NF Bombs,1500,350,0.06,0,0
Wilkes-Barre Scranton Roller Derby / Roller Radicals,1500,350,0.06,0,0
Namur Roller Derby / Namur Roller Derby A,1500,350,0.06,0,0
STATE COLLEGE AREA ROLLER DERBY / SCAR,1500,350,0.06,0,0
Downriver Roller Dolls,1500,350,0.06,0,0
Dirty Jersey Roller Derby / Dirty Jersey All Stars,1500,350,0.06,0,0
INLAND EMPIRE ROLLER DERBY,1500,350,0.06,0,0
Rockford Rage Women’s Roller Derby,1500,350,0.06,0,0
Nuclear Free Roller Derby / nF Bombs,1500,350,0.06,0,0
Maine Roller Derby / Old Port Brigade,1500,350,0.06,0,0
Kallio Rolling Rainbow / All colours,1500,350,0.06,0,0
Dock City Rollers / Achors,1500,350,0.06,0,0
Barcelona Roller Derby / B-Ingles de Acero,1500,350,0.06,0,0
SAM / SAM A,1500,350,0.06,0,0
LOMME ROLLER DERBY / BAD BUNNIES,1500,350,0.06,0,0
ROLLER DERBY TOULOUSE / NOTHING TOULOUSE,1500,350,0.06,0,0
PARIS ROLLER DERBY / ALL STARS,1500,350,0.06,0,0
Jet City Roller Derby / Jet City Roller Derby All Stars,1500,350,0.06,0,0
Brewcity Bruisers / Battlestars,1500,350,0.06,0,0
Roller Derby Madrid / A,1500,350,0.06,0,0
Saskatoon Roller Derby / Mindfox,1500,350,0.06,0,0
Chattanooga Roller Derby,1500,350,0.06,0,0
Chattanooga Roller Derby / Chattanooga  All Stars,1500,350,0.06,0,0
Antwerp Roller Derby / One Love Roller Dolls,1500,350,0.06,0,0
North Texas Roller Derby / Fighting Unicorns,1500,350,0.06,0,0
Ruhrpott Roller Derby / A,1500,350,0.06,0,0
Metropolitan Roller Derby Chile / Metropolitan All Stars,1500,350,0.06,0,0
Manchester Valkyries,1500,350,0.06,0,0
Boston Roller Derby  / Boston Roller Derby B Team ,1500,350,0.06,0,0
Philly Roller Derby / Philly Roller Derby B Team ,1500,350,0.06,0,0
Dock City Rollers / Dock City Rollers - Anchors,1500,350,0.06,0,0
Rat City Roller Derby / Rat City Roller Derby Rain of Terror,1500,350,0.06,0,0
Peninsula Roller Derby / Supernovas B,1500,350,0.06,0,0
Rose City Rollers /  Axles of Annihilation,1500,350,0.06,0,0
Arizona Roller Derby / Rising Star,1500,350,0.06,0,0
Away Team,1500,350,0.06,0,0
Happy Valley Derby Darlings / Molly Morbids,1500,350,0.06,0,0
Rat City Roller Derby  / Rat City Roller Derby All Stars,1500,350,0.06,0,0
Paris Roller Derby / All Star,1500,350,0.06,0,0
El Paso Roller Derby / TexPistols,1500,350,0.06,0,0
El Paso Roller Derby / Pistol WhipHers,1500,350,0.06,0,0
Tragic City Rollers,1500,350,0.06,0,0
SOCAL DERBY / THE CUTTLEFISH,1500,350,0.06,0,0
Birmingham Roller Derby / Birmingham Roller Derby B,1500,350,0.06,0,0
Roller Derby Rennes Les Deferlantes,1500,350,0.06,0,0
Oslo Roller Derby / A Team,1500,350,0.06,0,0
Queen City Roller Derby / Lake Effect Furies,1500,350,0.06,0,0
Gotham Roller Derby A / All Stars,1500,350,0.06,0,0
Madison Roller Derby / The Herd,1500,350,0.06,0,0
Windy City Rollers / All-Stars,1500,350,0.06,0,0
Sailor City Rollers / Sailor,1500,350,0.06,0,0
Atomic Bombs Roller Derby,1500,350,0.06,0,0
Dublin Roller Derby / A,1500,350,0.06,0,0
Stuttgart Valley Roller Derby / SVRD,1500,350,0.06,0,0
Birmingham Roller Derby / A team,1500,350,0.06,0,0
Roller Derby Dresden / Dresden Pioneers,1500,350,0.06,0,0
Lutece Destroyeuses Roller Derby Paris / Les Encastreuses,1500,350,0.06,0,0
London Roller Derby / Brawl Saints,1500,350,0.06,0,0
Dublin Roller Derby / The Be Grands,1500,350,0.06,0,0
Dom City Roller Derby / Dom City,1500,350,0.06,0,0
Dom City Roller Derby / Dom City Dolls,1500,350,0.06,0,0
Nor Cal Roller Girls,1500,350,0.06,0,0
V Town,1500,350,0.06,0,0
 Dirty Jersey RD / Dirty Jersey RD,1500,350,0.06,0,0
Quad City Roller Derby,1500,350,0.06,0,0
Orlando Roller Derby A,1500,350,0.06,0,0
GLASGOW ROLLER DERBY / IRN BRUISERS,1500,350,0.06,0,0
Angel City Derby / Rocket Queens,1500,350,0.06,0,0
Dublin Roller Derby / B,1500,350,0.06,0,0
Chattanooga B-Railers,1500,350,0.06,0,0
Sun State Roller Derby / Swarm,1500,350,0.06,0,0
Chattanooga All-Stars,1500,350,0.06,0,0
Chattanooga B-Rollers,1500,350,0.06,0,0
Roller Derby Clermont Ferrand / Auver'niaks,1500,350,0.06,0,0
Wiltshire Roller Derby,1500,350,0.06,0,0
Aalborg Roller Derby,1500,350,0.06,0,0
TACONES BANDIDOS / TACONES BANDIDOS ,1500,350,0.06,0,0
TACONES BANDIDOS,1500,350,0.06,0,0
River City Roller Derby / Riot,1500,350,0.06,0,0
Tampere Roller Derby / All-Stars,1500,350,0.06,0,0
Stockholm Roller Derby / All Stars,1500,350,0.06,0,0
Kingston Roller Derby / Team Ontario,1500,350,0.06,0,0
BOGOTÁ BONE BREAKERS,1500,350,0.06,0,0
Dutchland Rollers / All Stars,1500,350,0.06,0,0
Rat City Roller Derby / Rat City All Stars,1500,350,0.06,0,0
Hard Breaking Dolls Prague ,1500,350,0.06,0,0
Ithaca League of Women Rollers / Sufferjets,1500,350,0.06,0,0
Malmö Roller Derby / Crime City Rollers B,1500,350,0.06,0,0
Richland County Regulators Derby Team / Richland County Regulators,1500,350,0.06,0,0
Appalachian Roller Derby / Appalachian Roller Derby All Stars,1500,350,0.06,0,0
Greensboro Roller Derby,1500,350,0.06,0,0
TACONES BANDIDOS ,1500,350,0.06,0,0
Rockford Rage / Rockford Rage Women's Roller Derby,1500,350,0.06,0,0
Oxford Roller Derby  / Oxford Roller Derby Blackbirds,1500,350,0.06,0,0
Victorian Roller Derby League,1500,350,0.06,0,0
Canberra Roller Derby League,1500,350,0.06,0,0
Toronto Roller Derby / CN Power,1500,350,0.06,0,0
Denver Roller Derby / Layovers,1500,350,0.06,0,0
Calgary Roller Derby / Calgary Roller Derby All Stars,1500,350,0.06,0,0
Rotterdam Roller Derby,1500,350,0.06,0,0
Rotterdam Roller Derby / Death Row Honeys,1500,350,0.06,0,0
Hard Knox Roller Derby / Hard Knox All Stars,1500,350,0.06,0,0
Madison Roller Derby A,1500,350,0.06,0,0
METROPOLITAN ROLLER DERBY CHILE / Metropolitan All Stars,1500,350,0.06,0,0
Brewcity Bruisers / Allstars,1500,350,0.06,0,0
Philly Roller Derby / Philly Roller Derby B-Team,1500,350,0.06,0,0
Philly Roller Derby / Philly B,1500,350,0.06,0,0
Steel City Roller Derby / Steel Hurtin,1500,350,0.06,0,0
Black Rose Rollers,1500,350,0.06,0,0
Downriver Roller Derby,1500,350,0.06,0,0
Kansas City Roller Warriors / Kansas City Roller Warriors All Stars,1500,350,0.06,0,0
Blue Ridge Roller Derby / Y'allStars,1500,350,0.06,0,0
Schuylkill County Scream Queens,1500,350,0.06,0,0
Gold Coast Derby Grrls,1500,350,0.06,0,0
Brisbane City Rollers / Red Kennedys,1500,350,0.06,0,0
Susquehanna Valley Derby Vixens / Vixens,1500,350,0.06,0,0
Prairieland Punishers,1500,350,0.06,0,0
Windy City Rollers  / All-Stars,1500,350,0.06,0,0
Little City Roller Derby,1500,350,0.06,0,0
Royal City Roller Derby / The Bruteleggers,1500,350,0.06,0,0
Royal City Roller Derby,1500,350,0.06,0,0
Charlotte Roller Derby / Team Charlotte,1500,350,0.06,0,0
Western Australia Roller Derby / Wards Of The Skate,1500,350,0.06,0,0
WA Roller Derby / Wards Of The Skate,1500,350,0.06,0,0
Windy City Rollers  / Second Wind ,1500,350,0.06,0,0
Sacramento Roller Derby A / MaulStars,1500,350,0.06,0,0
San Fernando Valley Roller Derby / Like OMGs,1500,350,0.06,0,0
Bay State Brawlers Roller Derby / Bay State Brawlers,1500,350,0.06,0,0
Chattanooga Roller Derby / Chattanooga All-Stars,1500,350,0.06,0,0
Texas Rollergirls / Chainsaws,1500,350,0.06,0,0
Texas Rollergirls / Texecutioners,1500,350,0.06,0,0
Sacramento Roller Derby B / Bruin Trouble ,1500,350,0.06,0,0
Vette City Roller Derby / Vette City Venom,1500,350,0.06,0,0
Angel City Derby / Shore Shots,1500,350,0.06,0,0
Faultline Roller Derby / Derby Devilz,1500,350,0.06,0,0
Montreal Roller Derby / Les Sexpos,1500,350,0.06,0,0
Boston Roller Derby / Boston Roller Derby: B Team,1500,350,0.06,0,0
Sacramento Roller Derby  / MaulStars,1500,350,0.06,0,0
Adelaide Roller derby / Ads,1500,350,0.06,0,0
R.O.C.K Roller Derby,1500,350,0.06,0,0
Kansas City Roller Warriors,1500,350,0.06,0,0
DOMINION DERBY GIRLS / DOMINION DERBY GIRLS ALL STARS,1500,350,0.06,0,0
Dirty Jersey  / A Team,1500,350,0.06,0,0
Rocket City Roller Derby / Rocket City,1500,350,0.06,0,0
Blue Ridge Roller Derby,1500,350,0.06,0,0
Roughneck Roller Derby / Tulsa Elite,1500,350,0.06,0,0
Bux-Mont Roller Derby / Buxmont Roller Derby,1500,350,0.06,0,0
Madison Roller Derby,1500,350,0.06,0,0
Confluence Crush Roller Derby / Confluence Crush Charter,1500,350,0.06,0,0
North Star Roller Derby,1500,350,0.06,0,0
El Paso Roller Derby / Tex Pistols,1500,350,0.06,0,0
Orlando Roller Derby / Ozone Slayers ,1500,350,0.06,0,0
Connecticut Roller Derby / Connecticut All Stars,1500,350,0.06,0,0
Windy City Rollers / Third Coast,1500,350,0.06,0,0
Black-N-Bluegrass Roller Derby / Blackouts,1500,350,0.06,0,0
Charlotte Roller Derby A,1500,350,0.06,0,0
Atlanta / All Stars,1500,350,0.06,0,0
Madison Roller Derby / Madison Roller Derby: The Herd,1500,350,0.06,0,0
Dutchland Roller Derby / All-Stars,1500,350,0.06,0,0
Roller Derby of Central Kentucky,1500,350,0.06,0,0
Natural State Roller Derby,1500,350,0.06,0,0
Dirty Jersey Roller Derby / Dirty Jersey All-Stars,1500,350,0.06,0,0
Toronto Roller Derby / Toronto Roller Derby All Stars,1500,350,0.06,0,0
Bay State Roller Derby / Bay State All-Stars,1500,350,0.06,0,0
Confluence Crush Roller Derby,1500,350,0.06,0,0
Akron Roller Derby,1500,350,0.06,0,0
Burning River Roller Derby / HazMat Crew,1500,350,0.06,0,0
Yellow Rose Roller Derby,1500,350,0.06,0,0
Savannah Derby Devils,1500,350,0.06,0,0
Elevated Roller Derby / Elevated Roller Derby All Stars,1500,350,0.06,0,0
Leeds Roller Derby / A Team,1500,350,0.06,0,0
New Hampshire Roller Derby / All-Stars,1500,350,0.06,0,0
Diamond State Roller Derby,1500,350,0.06,0,0
Akron Roller Derby / Akron All-Stars,1500,350,0.06,0,0
Cincinnati Rollergirls / Black Sheep,1500,350,0.06,0,0
Treasure Valley Roller Derby / All Star,1500,350,0.06,0,0
EERIE ROLLER DERBY,1500,350,0.06,0,0
Cornfed Roller Derby / Cornfed Roller Derby All-Stars,1500,350,0.06,0,0
Jacksonville Roller Derby / New Jax City Rollers,1500,350,0.06,0,0
MUSCOGEE ROLLER GIRLS,1500,350,0.06,0,0
Free State Roller Derby / Black-Eyed Suzies,1500,350,0.06,0,0
Detroit Roller Derby / Allstars B,1500,350,0.06,0,0
Bay Area Roller Derby,1500,350,0.06,0,0
London Rockin' Rollers Allstars / London Rockin' Rollers,1500,350,0.06,0,0
London Rockin' Rollers,1500,350,0.06,0,0
Minnesota Roller Derby / Minnesota Roller Derby: MNRD B,1500,350,0.06,0,0
Soul City Sirens,1500,350,0.06,0,0
Oslo Roller Derby,1500,350,0.06,0,0
Atlanta Roller Derby / Atlanta Rumble Bees,1500,350,0.06,0,0
WILKES BARRE SCRANTON ROLLER DERBY A,1500,350,0.06,0,0
Roller Derby Madrid,1500,350,0.06,0,0
Detroit Roller Derby / Detroit Roller Derby Allstars A,1500,350,0.06,0,0
Fox Cities Roller Derby,1500,350,0.06,0,0
Akron Roller Derby / A,1500,350,0.06,0,0
Springfield Roller Derby,1500,350,0.06,0,0
NO COAST ROLLER DERBY / MAD MAXINES,1500,350,0.06,0,0
Houston United Roller Derby,1500,350,0.06,0,0
The Anguanas- Vicenza Roller Derby,1500,350,0.06,0,0
Burning River Roller Derby / Hazmat Crew,1500,350,0.06,0,0
Burning River Roller Derby / Burning River All-Stars,1500,350,0.06,0,0
Ottawa Valley Roller Derby,1500,350,0.06,0,0
Toronto Roller Derby / CN POWER,1500,350,0.06,0,0
Bradentucky / Bombers,1500,350,0.06,0,0
Ann Arbor Roller Derby / Ann Arbor A,1500,350,0.06,0,0
Pikes Peak Roller Derby / Pikes Peak All Stars,1500,350,0.06,0,0
High Altitude RD / Dark Sky Starlets,1500,350,0.06,0,0
Connecticut Roller Derby A,1500,350,0.06,0,0
Harrisburg Area Roller Derby  / Fallouts,1500,350,0.06,0,0
Adelaide Roller Derby / Rads,1500,350,0.06,0,0
Ohio Roller Derby / Ohio All-Stars,1500,350,0.06,0,0
Salt City Roller Derby / Salt City,1500,350,0.06,0,0
Tallahassee Roller Derby,1500,350,0.06,0,0
Tri-City Roller Derby,1500,350,0.06,0,0
Charlotte Roller Derby / Team Charlotte (A Team NA South),1500,350,0.06,0,0
Vette City Roller Derby / Vette City Vixens,1500,350,0.06,0,0
Wilkes Barre/Scranton RD / Roller Radicals,1500,350,0.06,0,0
River City Roller Derby / River City Riot!,1500,350,0.06,0,0
Windy City Roller / All-Stars,1500,350,0.06,0,0
Helsinki Roller Derby / Helsinki Bees,1500,350,0.06,0,0
Panhandle United / Panhandle United Allstars,1500,350,0.06,0,0
Windy City Roller / Second Wind,1500,350,0.06,0,0
The Herd / Madison Roller Derby,1500,350,0.06,0,0
Minnesota Roller Derby / B Team,1500,350,0.06,0,0
Burning River Roller Derby / Haz Mat Crew,1500,350,0.06,0,0
Zurich City Roller Derby / AllstarZ,1500,350,0.06,0,0
Alamo City Roller Girls / Las Tejanas,1500,350,0.06,0,0
KALLIO ROLLING RAINBOW,1500,350,0.06,0,0
Texas Rollergirls,1500,350,0.06,0,0
Rebellion Roller Derby,1500,350,0.06,0,0
Philly Roller Derby  / Philly Roller Derby B Team,1500,350,0.06,0,0
Rockcity Rollers,1500,350,0.06,0,0
Gem City Roller Derby / Gem City Roller Derby Purple Reign,1500,350,0.06,0,0
Connecticut Roller Derby / Connecticut  All-Stars,1500,350,0.06,0,0
Fox Cities Roller Derby / FCRD-All Stars,1500,350,0.06,0,0
Inland Empire Derby Divas,1500,350,0.06,0,0
Vette City Roller Derby / Vixens,1500,350,0.06,0,0
Detroit Roller Derby  / Detroit Allstars A,1500,350,0.06,0,0
Detroit Roller Derby  / Detroit Allstars B,1500,350,0.06,0,0
Gothenburg Roller Derby		,1500,350,0.06,0,0
Paris Roller Derby  / All Stars,1500,350,0.06,0,0
RoughNeck Roller Derby / Elite,1500,350,0.06,0,0
Elevated RD / All Stars,1500,350,0.06,0,0
Southern Delaware Roller Derby / All Stars,1500,350,0.06,0,0
Roe City Rollers  / Roe City Rollers All-stars,1500,350,0.06,0,0
NOVA Roller Derby / Super NOVAS,1500,350,0.06,0,0
CAPITAL CITY CRUSHERS,1500,350,0.06,0,0
Brewcity Bruisers Milwaukee Roller Derby / Brewcity Bruisers All Stars,1500,350,0.06,0,0
Bay Area Derby / Bay Area Derby - All Stars,1500,350,0.06,0,0
Atlanta Roller Derby / Rumble Bs,1500,350,0.06,0,0
Norfolk Roller Derby / The Norfolk Brawds A,1500,350,0.06,0,0
Tiger Bay Brawlers,1500,350,0.06,0,0
Copenhagen Roller Derby / Copenhagen Team A,1500,350,0.06,0,0
Detroit Roller Derby / DRD Allstars,1500,350,0.06,0,0
Detroit Roller Derby / Detroit B,1500,350,0.06,0,0
Rainy City Roller Derby / Rainy City All Stars,1500,350,0.06,0,0
Lehigh Valley Roller Derby / Lehigh Valley Roller Derby All Stars,1500,350,0.06,0,0
Roller Derby Quebec / Les Duchesses,1500,350,0.06,0,0
Copenhagen Roller Derby  / Copenhagen Team A,1500,350,0.06,0,0
Auver'Niaks Roller Derby  / Les Auver'Niaks,1500,350,0.06,0,0
Windy City Roller Derby / Windy City Third Coast,1500,350,0.06,0,0
Windy City Roller Derby / Windy City All Stars,1500,350,0.06,0,0
Vicenza Roller Derby / The Anguanas,1500,350,0.06,0,0
Downriver Roller Dolls / Downriver Roller Dolls (Doll Stars),1500,350,0.06,0,0
Manchester Roller Derby / Valkiries,1500,350,0.06,0,0
Cornfed Roller Derby / Cornfed All- Stars,1500,350,0.06,0,0
Vicenza Roller Derby  / The Anguanas,1500,350,0.06,0,0
BrewCity Bruisers / BrewCity Bruisers All-Stars,1500,350,0.06,0,0
Hard Breaking Dolls,1500,350,0.06,0,0
Classic City Rollergirls / Classic City Rollergirls All-Stars,1500,350,0.06,0,0
RuhrPott Roller Derby,1500,350,0.06,0,0
Jacksonville Roller Derby / New Jax Rollers,1500,350,0.06,0,0
Rebellion Roller Derby / A,1500,350,0.06,0,0
Rainy City Roller Derby / B,1500,350,0.06,0,0
Tampa Roller Dery / Bruise Crew,1500,350,0.06,0,0
Vette City Roller Derby A,1500,350,0.06,0,0
Vette City Roller Derby B,1500,350,0.06,0,0
Susquehanna Valley Derby Vixens / The Vixens,1500,350,0.06,0,0
Greater Vancouver Roller Derby,1500,350,0.06,0,0
VALENCIA ROLLER DERBY / RAYO DOCKERS,1500,350,0.06,0,0
BARCELONA ROLLER DERBY / INGLES DE ACERO,1500,350,0.06,0,0
Steel City / Steel Hurtin',1500,350,0.06,0,0
Fox Cities Roller Derby / A,1500,350,0.06,0,0
Ventura County Derby Darlins / Battalion of Skates,1500,350,0.06,0,0
Rocket City Roller Derby,1500,350,0.06,0,0
Aalborg Roller Derby / Allstars,1500,350,0.06,0,0
Hard Breaking Dolls / All-Stars,1500,350,0.06,0,0
Cornfed Roller Derby A,1500,350,0.06,0,0
Tiger Bay Brawlers / Brawlers,1500,350,0.06,0,0
East Vic Roller Derby / Witches,1500,350,0.06,0,0
Houston Roller Derby / All Stars,1500,350,0.06,0,0
Ann Arbor Roller Derby / Ann Arbor A Team,1500,350,0.06,0,0
Harrisburg Area Roller Derby / HARD,1500,350,0.06,0,0
RollerDerby Toulouse / Nothing Toulouse,1500,350,0.06,0,0
Calgary Roller Derby Association / All-Stars,1500,350,0.06,0,0
Roller Derby Rennes / Les Déferlantes,1500,350,0.06,0,0
Liverpool Roller Birds / A,1500,350,0.06,0,0
Black Rose Rollers / Black Rose Allstars,1500,350,0.06,0,0
Rock Town Roller Derby / Rock Town,1500,350,0.06,0,0
Free State Roller Derby / Black-Eyed Suzie,1500,350,0.06,0,0
DOWNRIVER ROLLER DOLLS / DOWNRIVER,1500,350,0.06,0,0
WEST COAST DERBY KNOCKOUTS / TKO'S,1500,350,0.06,0,0
Fox Cities Roller Derby / Fox Cities Allstars,1500,350,0.06,0,0
Aroostook Roller Derby / BioHazards,1500,350,0.06,0,0
Norrköping Rollerderby / A-Team,1500,350,0.06,0,0
Namur Roller Derby / Namur Roller Derby: Les Parpaings,1500,350,0.06,0,0
Orléans Roller Derby / Les Simones,1500,350,0.06,0,0
SAM ROLLER DERBY / SAM A,1500,350,0.06,0,0
AuverNiaks,1500,350,0.06,0,0
Greater Vancouver Roller Derby / GVRD,1500,350,0.06,0,0
SAM Roller Derby / A,1500,350,0.06,0,0
Columbia Roller Derby / Quad Squad,1500,350,0.06,0,0
