,Home Team,Away Team,Date,Home Team Score,Away Team Score
705,Helsinki Roller Derby / Bees,Tampere Roller Derby,2023-01-21,233.0,121.0
702,Natural State Roller Derby / Natural State,Rock Town Roller Derby / Rock Town,2023-02-11,198.0,157.0
698,Roller Derby Toulouse / Nothing Toulouse,Paris Roller Derby / All Stars,2023-02-11,235.0,111.0
699,Roller Derby Toulouse / Nothing Toulouse,Les Quads de Paris / La Boucherie,2023-02-11,209.0,127.0
700,Rainy City Roller Derby / Reckoning,Liverpool Roller Birds / A,2023-02-11,151.0,122.0
701,Panhandle United Roller Derby,Black Rose Rollers / Black Rose Allstars,2023-02-11,43.0,262.0
703,NANTES ROLLER DERBY / LES DUC.HESSE.S,LOMME ROLLER DERBY / BAD BUNNIES,2023-02-11,136.0,135.0
704,Columbia Roller Derby / Columbia Quadsquad,Black Rose Rollers / Black Rose Allstars,2023-02-11,110.0,112.0
696,Lomme Roller Derby / Bad Bunnies,Les Quads de Paris / La Boucherie de Paris,2023-02-12,168.0,123.0
697,Columbia Roller Derby / Columbia Quadsquad,Panhandle United Roller Derby,2023-02-12,332.0,68.0
695,Paris Roller Derby / All-Stars,Lomme Roller Derby / Bad Bunnies,2023-02-25,196.0,159.0
694,Paris Roller Derby / Les Quedalles,Roller Derby Rennes / Les Déferlantes,2023-02-25,153.0,166.0
693,Saskatoon Roller Derby League / Mindfox,Calgary Roller Derby Association / All-Stars,2023-02-25,111.0,343.0
692,Auver'Niaks APR63 / Auver'Niaks,RollerDerby Toulouse / Nothing Toulouse,2023-02-26,55.0,279.0
688,Kallio Rolling Rainbow,Helsinki Roller Derby / Bees,2023-03-04,54.0,180.0
687,SoCal Derby / The Cuttlefish,West Coast Derby Knockouts,2023-03-04,108.0,216.0
690,Atlanta Roller Derby / Dirty South Derby,River City Roller Derby / Riot,2023-03-04,342.0,88.0
689,Dutchland Derby Rollers / Dutchland All Stars,Schuylkill County Scream Queens / Scream Queens,2023-03-04,287.0,75.0
691,301 Derby Dames,Harrisburg Area Roller Derby / HARD,2023-03-04,174.0,162.0
686,Atlanta Roller Derby / Rumble B's,Tampa Roller Derby / Bruise Crew,2023-03-11,198.0,132.0
685,Chicago-Style Roller Derby / CSRD A Team,Ann Arbor Roller Derby / Ann Arbor A Team,2023-03-11,60.0,330.0
684,Red Stick Roller Derby / All Stars,Houston Roller Derby / All Stars,2023-03-11,489.0,52.0
682,South Sea Roller Derby / Banshees,East Vic Roller Derby / Witches,2023-03-11,129.0,362.0
681,South Shore Roller Derby / Runaways,Demolition City Roller Derby / Destroyers,2023-03-11,214.0,56.0
683,Rock Town Roller Derby,Memphis Roller Derby,2023-03-11,188.0,202.0
680,Bristol Roller Derby / A,Tiger Bay Brawlers / Brawlers,2023-03-12,154.0,141.0
679,Burning River Roller Derby A,Cornfed Roller Derby A,2023-03-12,219.0,216.0
678,Home Team,Hard Breaking Dolls / All-Stars,2023-03-12,278.0,90.0
677,Gothenburg Roller Derby / Aqwarriors,Aalborg Roller Derby / Allstars,2023-03-19,76.0,176.0
676,Druid City Derby / Druid City Dames,Rocket City Roller Derby,2023-03-25,129.0,141.0
675,Fabulous Sin City Roller Derby / Ace Of Spades,Ventura County Derby Darlins / Vendolls,2023-03-25,138.0,121.0
674,Fabulous Sin City Roller Derby / Black Spade Bruisers,Ventura County Derby Darlins / Battalion of Skates,2023-03-25,209.0,64.0
673,Arizona Roller Derby / All Stars,SoCal Derby / The Kraken,2023-03-26,235.0,80.0
672,Reading Roller Derby,Dutchland Derby Rollers / Dutchland All Stars,2023-03-26,105.0,132.0
671,Arizona Roller Derby / All Stars,Pikes Peak Roller Derby / All Stars,2023-03-31,260.0,50.0
670,Red Stick Roller Derby / All Stars,Dallas Derby Devils / Army of Darkness,2023-03-31,228.0,128.0
669,Red Stick Roller Derby / All Stars,Twister City Roller Derby / Victory All Star Squad,2023-03-31,238.0,88.0
661,Nantes Roller Derby / Les Duc.hesses,Tampere Roller Derby / All Stars,2023-04-01,363.0,85.0
657,Twister City Roller Derby / Victory All Star Squad,Dallas Derby Devils / Army of Darkness,2023-04-01,126.0,143.0
658,ROLLER DERBY MADRID,BARCELONA ROLLER DERBY / INGLES DE ACERO,2023-04-01,171.0,111.0
659,Ohio Roller Derby / Charter Team,Steel City / Steel Hurtin',2023-04-01,194.0,116.0
660,NOVA Roller Derby / SuperNOVAs,Free State Roller Derby / Black-Eyed Suzies,2023-04-01,261.0,107.0
662,Les Quads de Paris / La Boucherie,Tampere Roller Derby / All Stars,2023-04-01,279.0,83.0
663,Dallas Derby Devils / Army of Darkness,Pikes Peak Roller Derby / All Stars,2023-04-01,295.0,104.0
664,Chicago-Style Roller Derby / A,Fox Cities Roller Derby / A,2023-04-01,142.0,83.0
666,AS BRIGANTIAS ROLLER DERBY A CORUÑA,VALENCIA ROLLER DERBY / RAYO DOCKERS,2023-04-01,57.0,240.0
665,Burning River Roller Derby A,Charlotte Roller Derby A,2023-04-01,233.0,157.0
668,Arizona Roller Derby / All Stars,Red Stick Roller Derby / All Stars,2023-04-01,137.0,192.0
667,AS BRIGANTIAS ROLLER DERBY A CORUÑA,ROLLER DERBY MADRID,2023-04-01,82.0,281.0
656,Arizona Roller Derby / All Stars,Dallas Derby Devils / Army of Darkness,2023-04-02,151.0,134.0
655,Arizona Roller Derby / All Stars,Red Stick Roller Derby / All Stars,2023-04-02,93.0,289.0
654,AS BRIGANTIAS ROLLER DERBY A CORUÑA,BARCELONA ROLLER DERBY / INGLES DE ACERO,2023-04-02,47.0,286.0
653,Les Quads de Paris / La Boucherie,Nantes Roller Derby / Les Duc.hesses,2023-04-02,142.0,167.0
652,ROLLER DERBY MADRID,VALENCIA ROLLER DERBY / RAYO DOCKERS,2023-04-02,141.0,89.0
651,Boulder County Roller Derby / Flatiron Phoenixes,Denver Roller Derby / Standbys,2023-04-08,255.0,54.0
648,Schuylkill County Scream Queens / The Scream Queens,Susquehanna Valley Derby Vixens / The Vixens,2023-04-08,180.0,73.0
748,Saskatoon Roller Derby / Mindfox,Greater Vancouver Roller Derby Association,2023-04-08,160.0,212.0
649,Eves of Destruction,Saskatoon Roller Derby / Mindfox,2023-04-08,128.0,215.0
650,Eves of Destruction,Greater Vancouver Roller Derby,2023-04-08,121.0,179.0
647,Burning River Roller Derby B,Vette City Roller Derby B,2023-04-15,102.0,196.0
646,Burning River Roller Derby A,Vette City Roller Derby A,2023-04-15,123.0,188.0
645,Hartford Area Roller Derby / Wailers,Roller Derby Quebec,2023-04-15,16.0,372.0
644,Madison Roller Derby / Dairyland Dolls,Brewcity Bruisers / Allstars,2023-04-15,268.0,112.0
642,Orlando Roller Derby / Sun Blockers,Tampa Roller Dery / Bruise Crew,2023-04-15,53.0,329.0
747,Valencia Roller Derby / Rayo Dockers,Leeds Roller Derby / A Team,2023-04-15,210.0,58.0
643,Orlando Roller Derby / O-zone Slayers,Tampa Roller Derby / Tantrums,2023-04-15,61.0,220.0
641,Auld Reekie / A,Rainy City Roller Derby / B,2023-04-16,156.0,173.0
638,Connecticut Roller Derby  / Connecticut All Stars,Roller Derby Quebec,2023-04-16,283.0,185.0
640,Birmingham Roller Derby,Dublin Roller Derby / A,2023-04-16,150.0,160.0
639,Birmingham Roller Derby,Rebellion Roller Derby / A,2023-04-16,198.0,195.0
632,Greenville Roller Derby,Greensboro Roller Derby,2023-04-22,336.0,90.0
628,Stuttgart Valley Roller Derby,RuhrPott Roller Derby,2023-04-22,106.0,273.0
630,Lowcountry Highrollers A,Fort Myers Roller Derby,2023-04-22,88.0,151.0
629,Nantes Roller Derby / Duc.hesse.s,Namur Roller Derby / Namur Roller Derby A,2023-04-22,250.0,93.0
627,Tragic City Roller Derby / Tragic City All-Stars,Classic City Rollergirls / Classic City Rollergirls All-Stars,2023-04-22,319.0,34.0
626,Vienna Roller Derby,Hard Breaking Dolls,2023-04-22,204.0,127.0
633,Fort Collins Roller Derby / MicroBrewsers,Boulder County Roller Derby / Flatiron Phoenixes,2023-04-22,106.0,188.0
634,Elevated Roller Derby,Los Alamos Derby Dames,2023-04-22,109.0,207.0
631,Kallio Rolling Rainbow,Oulu Roller Derby,2023-04-22,39.0,91.0
636,Atlanta Roller Derby / Dirty South Derby,Jacksonville Roller Derby / New Jax Rollers,2023-04-22,137.0,225.0
637,Appalachian Roller Derby,Chattanooga Roller Derby,2023-04-22,57.0,322.0
635,Boulder County Roller Derby / Flatiron Phoenixes,Los Alamos Derby Dames,2023-04-22,286.0,122.0
625,Elevated Roller Derby,Fort Collins Roller Derby / Fort Collins MicroBrewsers,2023-04-23,94.0,147.0
624,Fort Collins Roller Derby / Fort Collins MicroBrewsers,Los Alamos Derby Dames,2023-04-23,223.0,105.0
623,Fox Cities Roller Derby / Fox Cities Roller Derby All-Stars,BrewCity Bruisers / BrewCity Bruisers All-Stars,2023-04-28,89.0,166.0
609,Minnesota Roller Derby / MN Nice,Detroit Roller Derby / Detroit B,2023-04-29,194.0,159.0
608,Minnesota Roller Derby / MNRD Allstars,Detroit Roller Derby / DRD Allstars,2023-04-29,172.0,141.0
607,Naptown Roller Derby,Burning River Roller Derby / All-Stars,2023-04-29,145.0,155.0
606,Norrköping Roller Derby,Tampere Roller Derby / All Stars,2023-04-29,101.0,125.0
605,Oulu Roller Derby,Norrköping Roller Derby,2023-04-29,22.0,116.0
604,Paris Roller Derby / Les Quedalles,Vicenza Roller Derby / The Anguanas,2023-04-29,227.0,115.0
603,Philly Roller Derby / Philly Roller Derby A-Team,Windy City Roller Derby / Windy City All Stars,2023-04-29,40.0,243.0
600,Home Team,London Roller Derby / London Brawling,2023-04-29,141.0,152.0
601,Roller Derby Caen  / Leopard Avengers ,Auver'Niaks Roller Derby  / Les Auver'Niaks,2023-04-29,121.0,183.0
599,Roller Derby Toulouse / Nothing Toulouse,Rainy City Roller Derby / Rainy City All Stars,2023-04-29,123.0,238.0
598,Rotterdam Roller Derby  / Death Row Honeys,Copenhagen Roller Derby  / Copenhagen Team A,2023-04-29,295.0,102.0
597,Royal City Roller Derby / Bruteleggers,Vette City Roller Derby / Vette City Vixens,2023-04-29,87.0,144.0
596,SoCal Derby / The Kraken,Fabulous Sin City Roller Derby / Ace of Spades,2023-04-29,156.0,41.0
595,SoCal Derby / The Cuttlefish,Fabulous Sin City Roller Derby / Black Spade Bruisers,2023-04-29,153.0,95.0
594,Tampere Roller Derby / All Stars,Oulu Roller Derby,2023-04-29,125.0,112.0
602,Philly Roller Derby / Philly Roller Derby B Team,Windy City Roller Derby / Windy City Third Coast,2023-04-29,61.0,264.0
610,London Roller Derby / London Brawling,Stockholm Roller Derby / Allstars,2023-04-29,214.0,43.0
612,Glasgow Roller Derby / Irn Bruisers,Manchester Roller Derby / Valkiries,2023-04-29,216.0,82.0
613,Gem City Roller Derby / Purple Reign,Penn Jersey Roller Derby / Devils,2023-04-29,150.0,143.0
611,Grand Raggidy Roller Derby / All-Stars,Downriver Roller Dolls / Downriver Roller Dolls (Doll Stars),2023-04-29,231.0,80.0
621,B.M.O. Roller Derby Girls / Toustes Etoiles,Vicenza Roller Derby  / The Anguanas,2023-04-29,221.0,57.0
620,Bear City Roller Derby / Wallstars,Lomme Roller Girls / Bad Bunnies,2023-04-29,141.0,189.0
619,Blue Ridge Roller Derby / Y'all Stars,Charlotte Roller Derby / Team Charlotte,2023-04-29,223.0,218.0
622,B.M.O. Roller Derby Girls / Toustes Etoiles,Paris Roller Derby / Les Quedalles,2023-04-29,162.0,105.0
617,Circle City Roller Derby / Socialites,Cornfed Roller Derby / Cornfed All- Stars,2023-04-29,163.0,121.0
616,Crime City Rollers,Helsinki Roller Derby / All Stars,2023-04-29,263.0,111.0
615,Crime City Rollers,Rainy City Roller Derby / All Stars,2023-04-29,162.0,116.0
614,Gem City Roller Derby / Violet Femmes,Naptown Roller Derby,2023-04-29,95.0,254.0
618,Blue Ridge Roller Derby / The Retrogrades,Charlotte Roller Derby / Bad Assets,2023-04-29,163.0,190.0
584,North Star Roller Derby / NSRD Supernovas,Detroit Roller Derby / DRD Allstars,2023-04-30,72.0,283.0
583,Penn Jersey Roller Derby / Devils,Vette City Roller Derby / Vette City Vixens,2023-04-30,166.0,94.0
582,Roller Derby Caen  / Leopard Avengers ,Copenhagen Roller Derby / Copenhagen Team A,2023-04-30,236.0,89.0
581,Roller Derby Caen  / Leopard Avengers ,Rotterdam Roller Derby  / Death Row Honeys,2023-04-30,163.0,184.0
580,Stockholm Roller Derby / Allstars,Birmingham Roller Derby,2023-04-30,176.0,125.0
579,Stockholm Roller Derby / Allstars,Tiger Bay Brawlers,2023-04-30,196.0,156.0
585,Minnesota Roller Derby / MN Nice,Detroit Roller Derby / Detroit B,2023-04-30,153.0,138.0
586,Helsinki Roller Derby / All Stars,Rainy City Roller Derby / Rainy City All Stars,2023-04-30,81.0,240.0
587,Helsinki Roller Derby / All Stars,London Roller Derby / London Brawling,2023-04-30,155.0,147.0
590,Crime City Rollers,Roller Derby Toulouse / Nothing Toulouse,2023-04-30,245.0,124.0
589,Gem City Roller Derby / Violet Femmes,Burning River Roller Derby / All-Stars,2023-04-30,75.0,365.0
591,Black Rose Rollers / Black Rose Rollers All Stars,Lehigh Valley Roller Derby / Lehigh Valley Roller Derby All Stars,2023-04-30,269.0,151.0
592,Auverniak's Roller Derby  / Les Auver'Niaks,Rotterdam Roller Derby  / Death Row Honeys,2023-04-30,204.0,93.0
588,Gem City Roller Derby / Purple Reign,Royal City Roller Derby / Bruteleggers,2023-04-30,230.0,99.0
571,TULSA ELITE,CAPITAL CITY CRUSHERS,2023-05-06,50.0,233.0
572,Wasatch Roller Derby / Midnight Terror,Boulder County Roller Derby / Flatiron Phoenixes,2023-05-06,136.0,303.0
573,Rockford Rage Women's Roller Derby / Rockford Rage ,Brewcity Bruisers Milwaukee Roller Derby / Brewcity Bruisers All Stars,2023-05-06,72.0,294.0
574,Peninsula Roller Derby / Supernovas A,Bay Area Derby / Bay Area Derby - All Stars,2023-05-06,240.0,180.0
575,Lowcountry Highrollers,Greenville Roller Derby,2023-05-06,148.0,105.0
577,Chattanooga Roller Derby / Chattanooga B-Railers,Atlanta Roller Derby / Rumble Bs,2023-05-06,159.0,219.0
576,Chattanooga Roller Derby / Chattanooga All Stars,Atlanta Roller Derby / Dirty South Derby,2023-05-06,145.0,252.0
745,Rockford Rage Women's Roller Derby / Rockford Rage ,Brewcity Bruisers Milwaukee Roller Derby / Brewcity Bruisers All Stars,2023-05-06,72.0,294.0
746,Chattanooga Roller Derby / Chattanooga All Stars,Atlanta Roller Derby / Dirty South Derby,2023-05-06,145.0,252.0
578,Bristol Roller Derby  / Charter Team,Norfolk Roller Derby / The Norfolk Brawds A,2023-05-06,158.0,117.0
570,Harrisburg Area Roller Derby / Nuclear Knockouts,NOVA Roller Derby / Super NOVAS,2023-05-07,209.0,110.0
560,Oslo Roller Derby		,Gothenburg Roller Derby		,2023-05-13,200.0,115.0
556,Stockholm Roller Derby / Allstars,Antwerp Roller Derby / One Love Roller Dolls,2023-05-13,138.0,182.0
555,Traverse City Roller Derby / Toxic Cherries,South Bend Roller Derby / Studebreakers,2023-05-13,211.0,108.0
554,Vienna Roller Derby,Oslo Roller Derby		,2023-05-13,239.0,149.0
553,WineTown Roller Derby,West Coast Derby Knockouts,2023-05-13,121.0,123.0
557,Roller Derby Toulouse / Nothing Toulouse,Lomme Roller Derby / Bad Bunnies,2023-05-13,199.0,110.0
558,Rock Town Roller Derby,RoughNeck Roller Derby / Elite,2023-05-13,198.0,111.0
559,PPRD / All-Stars,Elevated RD / All Stars,2023-05-13,187.0,104.0
561,Nantes Roller Derby / Les Duc.hesse.s,Paris Roller Derby / All Stars,2023-05-13,151.0,110.0
567,Bear City Roller Derby,Stockholm Roller Derby / Allstars,2023-05-13,181.0,82.0
563,Hartford Area Roller Derby / Wailers,Dirty Jersey Roller Derby / All Stars,2023-05-13,99.0,152.0
564,Dutchland Derby Rollers / All Stars,Southern Delaware Roller Derby / All Stars,2023-05-13,237.0,139.0
565,Druid City Derby,Roe City Rollers  / Roe City Rollers All-stars,2023-05-13,289.0,44.0
566,Bradentucky Bombers / Bomb Squad,Tampa Roller Derby / Bruise Crew,2023-05-13,191.0,109.0
569,Aalborg Roller Derby       ,Gothenburg Roller Derby		,2023-05-13,245.0,72.0
562,Morgantown Roller Derby / Morgantown Roller Vixens,Ohio Valley Roller Derby,2023-05-13,113.0,228.0
552,Aalborg Roller Derby       ,Oslo Roller Derby		,2023-05-14,187.0,136.0
551,Bear City Roller Derby,Antwerp Roller Derby / One Love Roller Dolls,2023-05-14,149.0,173.0
550,Lomme Roller Derby / Bad Bunnies,Paris Roller Derby  / All Stars,2023-05-14,125.0,138.0
549,Vienna Roller Derby,Gothenburg Roller Derby		,2023-05-14,284.0,94.0
548,Atlanta Roller Derby  / Dirty South Derby,Texas Rollergirls,2023-05-19,179.0,148.0
547,Philly Roller Derby  / Philly Roller Derby,Detroit Roller Derby  / Detroit Allstars A,2023-05-19,122.0,216.0
536,Ohio Roller Derby,Kingston Roller Derby / Team Ontario,2023-05-20,151.0,98.0
534,Roc City Roller Derby / Roc Stars,Connecticut Roller Derby / Connecticut  All-Stars,2023-05-20,82.0,210.0
537,New Hampshire Roller Derby / NH Roller Derby All Stars,Mass Attack Roller Derby / All Stars,2023-05-20,101.0,170.0
535,Oxford Roller Derby / Oxford Roller Derby A,Wiltshire Roller Derby,2023-05-20,161.0,152.0
538,Helsinki Roller Derby / Bees,Kallio Rolling Rainbow,2023-05-20,166.0,73.0
532,Steel City Roller Derby / Steel Hurtin',Minnesota Roller Derby,2023-05-20,127.0,300.0
531,Tampere Roller Derby,Oulu Roller Derby,2023-05-20,81.0,92.0
533,Steel City Roller Derby / Steel Beamers,Minnesota Roller Derby / Minnesota Roller Derby: MNRD B,2023-05-20,74.0,383.0
539,Gem City Roller Derby / GCRD Purple Reign,Madison Roller Derby / Dairyland Dolls,2023-05-20,176.0,129.0
546,Ann Arbor Roller Derby,Madison Roller Derby / Dairyland Dolls,2023-05-20,196.0,78.0
541,Fabulous Sin City Roller Derby / Ace of Spades,Inland Empire Derby Divas,2023-05-20,122.0,93.0
542,Demolition City Roller Derby / Destroyers,Confluence Crush Roller Derby,2023-05-20,55.0,227.0
543,Circle City Roller Derby / Socialites,Vette City Roller Derby / Vixens,2023-05-20,120.0,125.0
544,Atlanta Roller Derby / Atlanta Dirty South Derby,Detroit Roller Derby  / Detroit Allstars A,2023-05-20,159.0,151.0
540,Flint Roller Derby,Fox Cities Roller Derby / FCRD-All Stars,2023-05-20,169.0,98.0
545,Atlanta Roller Derby / Atlanta Rumble B's,Detroit Roller Derby  / Detroit Allstars B,2023-05-20,297.0,143.0
520,TAMPERE ROLLER DERBY,KALLIO ROLLING RAINBOW,2023-05-21,102.0,135.0
522,State College Area Roller Derby,Minnesota Roller Derby / Minnesota Roller Derby: MNRD B,2023-05-21,98.0,363.0
523,Rainy City Roller Derby / Reckoning,Rebellion Roller Derby,2023-05-21,214.0,175.0
524,Minnesota Roller Derby,Kingston Roller Derby / Team Ontario,2023-05-21,147.0,112.0
525,Helsinki Roller Derby / Bees,Oulu Roller Derby,2023-05-21,123.0,93.0
526,Auld Reekie Roller Derby / All Stars,Dublin Roller Derby / A,2023-05-21,167.0,212.0
521,Tampa Roller Derby / Tampa Tantrums,Texas Rollergirls,2023-05-21,105.0,127.0
528,Atlanta Roller Derby  / Atlanta Rumble B's,Philly Roller Derby  / Philly Roller Derby B Team,2023-05-21,427.0,38.0
529,Antwerp Roller Derby / Pack of Destruction,Rockcity Rollers,2023-05-21,225.0,122.0
530,Ann Arbor Roller Derby,Gem City Roller Derby / Gem City Roller Derby Purple Reign,2023-05-21,127.0,92.0
744,Helsinki Roller Derby / Bees,Oulu Roller Derby,2023-05-21,123.0,93.0
527,Atlanta Roller Derby  / Atlanta Dirty South Derby,Philly Roller Derby  / Philly Roller Derby,2023-05-21,193.0,102.0
505,Valencia Roller Derby / Rayo Dockers,Rotterdam Roller Derby / Death Row Honeys,2023-05-27,237.0,34.0
506,Tiger Bay Brawlers  / Tiger Bay Brawlers - Allstars,Zurich City Roller Derby / AllstarZ,2023-05-27,199.0,95.0
507,Team Montana,No Coast Roller Derby / Mad Maxines,2023-05-27,133.0,146.0
508,Roller Derby Québec / Équipe A,Anchor City Rollers / Harbour Grudges,2023-05-27,344.0,70.0
509,Muddy River Rollers / Lumbersmacks,Roller Derby Québec / Équipe A,2023-05-27,81.0,243.0
510,Muddy River Rollers / Lumbersmacks,Anchor City Rollers / Harbour Grudges,2023-05-27,184.0,142.0
511,Gallatin Roller Derby / Team Montana,Peninsula Roller Derby / Supernovas A,2023-05-27,68.0,211.0
512,Denver Roller Derby / Standbys,Pikes Peak Roller Derby / All Stars,2023-05-27,121.0,183.0
515,Crime City Rollers,Paris Roller Derby / All Stars,2023-05-27,203.0,134.0
514,Denver Roller Derby / Bruising Altitude,No Coast Roller Derby / Mad Maxines,2023-05-27,211.0,111.0
516,Cornfed Roller Derby / All Stars,Brewcity Bruisers / Allstars,2023-05-27,66.0,206.0
517,Bristol Roller Derby / Bristol Roller Derby Charter Team,Oslo Roller Derby / Oslo Roller Derby A,2023-05-27,129.0,147.0
518,Blue Ridge Roller Derby / Y'all Stars,Steel City Roller Derby / Steel Hurtin,2023-05-27,206.0,221.0
519,580 RollerGirls,Alamo City Roller Girls / Las Tejanas,2023-05-27,120.0,172.0
743,Valencia Roller Derby / Rayo Dockers,Rotterdam Roller Derby / Death Row Honeys,2023-05-27,237.0,34.0
513,Denver Roller Derby / Standbys,Peninsula Roller Derby / Supernovas B,2023-05-27,185.0,171.0
498,Pikes Peak Roller Derby / All Stars,Peninsula Roller Derby / Supernovas B,2023-05-28,194.0,167.0
500,Oslo Roller Derby / Oslo Roller Derby A,Norrköping Roller Derby,2023-05-28,96.0,273.0
501,Denver Roller Derby / Bruising Altitude,Peninsula Roller Derby / Supernovas A,2023-05-28,215.0,114.0
499,Peninsula Roller Derby / Supernovas A,No Coast Roller Derby / Mad Maxines,2023-05-28,202.0,82.0
503,Bristol Roller Derby / Bristol Roller Derby Charter Team,Norrköping Roller Derby,2023-05-28,69.0,223.0
504,Anchor City Rollers / Harbour Grudges,Roller Derby Québec / Équipe A,2023-05-28,79.0,323.0
502,Denver Roller Derby / Bruising Altitude,Gallatin Roller Derby / Team Montana,2023-05-28,166.0,81.0
497,Tampa Roller Derby / Bruise Crew,Fort Myers Roller Derby,2023-06-02,123.0,181.0
487,Springfield Roller Derby / All Stars,Memphis Roller Derby,2023-06-03,116.0,173.0
488,Ohio Roller Derby,Dallas Derby Devils / DDD: Army of Darkness,2023-06-03,203.0,135.0
489,Nashville Roller Derby,Panhandle United / Panhandle United Allstars,2023-06-03,195.0,107.0
490,Montreal Roller Derby / New Skids on the Block,Windy City Roller / All-Stars,2023-06-03,280.0,74.0
491,Montreal Roller Derby / Sexpos,Windy City Roller / Second Wind,2023-06-03,144.0,154.0
486,Stockholm Roller Derby / Allstars,Helsinki Roller Derby / Helsinki Bees,2023-06-03,181.0,145.0
494,Fargo Moorhead Derby Girls / A Team,Minnesota Roller Derby / B Team,2023-06-03,75.0,159.0
495,Enchanted Mountain Roller Derby / Hellbilly Heartbreakers,Burning River Roller Derby / Haz Mat Crew,2023-06-03,224.0,145.0
496,Bay State Brawlers Roller Derby / Brawlers,Mass Attack Roller Derby / All Stars,2023-06-03,151.0,217.0
742,Bay State Brawlers Roller Derby / Brawlers,Mass Attack Roller Derby / All Stars,2023-06-03,151.0,217.0
493,Free State Roller Derby / Rock Villians,Diamond State Roller Derby,2023-06-03,226.0,216.0
482,Ohio Roller Derby,River City Roller Derby / River City Riot!,2023-06-04,224.0,72.0
483,Montreal Roller Derby / Sexpos,Windy City Roller / All-Stars,2023-06-04,93.0,275.0
481,Schuylkill County Scream Queens / Scream Queens,Wilkes Barre/Scranton RD / Roller Radicals,2023-06-04,130.0,167.0
485,Dallas Derby Devils / DDD: Army of Darkness,River City Roller Derby / River City Riot!,2023-06-04,269.0,84.0
484,Demolition City Roller Derby / Destroyers,Naptown Roller Derby,2023-06-04,122.0,160.0
469,London Roller Derby / London Brawling,Nantes Roller Derby / Les Duchesses,2023-06-10,165.0,132.0
463,Susquehanna Valley Derby Vixens,Harrisburg Area Roller Derby  / Fallouts,2023-06-10,145.0,134.0
462,Twister City Roller Derby / Victory All Star Squad,Kansas City Roller Warriors / Kansas City Roller Warriors All Stars,2023-06-10,192.0,131.0
464,South Sea Roller Derby / Sirens,Adelaide Roller Derby / Rads,2023-06-10,282.0,93.0
465,Perth Roller Derby / West Coast Evils,Sun State Roller Derby / Swarm,2023-06-10,136.0,137.0
466,Nantes Roller Derby / Les Duchesses,Bear City Roller Derby,2023-06-10,205.0,120.0
467,Madison Roller Derby / Dairyland Dolls,Ohio Roller Derby,2023-06-10,195.0,172.0
468,Madison Roller Derby / Dairyland Dolls,Ohio Roller Derby / Ohio All-Stars,2023-06-10,195.0,172.0
470,London Roller Derby / London Brawling,Dock City Rollers / Dock City Anchors,2023-06-10,242.0,52.0
479,Arch Rival Roller Derby / Arch Nemesis,Vette City Roller Derby / Vette City Vixens,2023-06-10,214.0,111.0
472,Helsinki Roller Derby / All Stars,Bear City Roller Derby,2023-06-10,193.0,162.0
473,Hartford Area Roller Derby / Hartford Wailers,Salt City Roller Derby / Salt City,2023-06-10,138.0,110.0
474,Fort Myers Roller Derby,Tallahassee Roller Derby,2023-06-10,376.0,50.0
475,Detroit Roller Derby / Detroit Roller Derby- A,Tri-City Roller Derby,2023-06-10,272.0,156.0
476,Detroit Roller Derby / Detroit Roller Derby- B,Flint Roller Derby,2023-06-10,174.0,183.0
477,Chattanooga Roller Derby / Chattanooga B-Railers,Druid City Derby,2023-06-10,255.0,80.0
478,Chattanooga Roller Derby / Chattanooga All Stars,Charlotte Roller Derby / Team Charlotte (A Team NA South),2023-06-10,268.0,78.0
480,Adelaide Roller Derby / Ads,Perth Roller Derby / West Coast Evils,2023-06-10,170.0,80.0
471,Kingston Roller Derby / Rogue Warriors,Renegade Derby Dames / Striking Vikings,2023-06-10,231.0,144.0
452,Sun State Roller Derby / Killer Bees,South Sea Roller Derby / Sirens,2023-06-11,67.0,140.0
453,Penn Jersey Roller Derby A,Connecticut Roller Derby A,2023-06-11,217.0,132.0
455,London Roller Derby / London Brawling,Bear City Roller Derby,2023-06-11,289.0,96.0
454,London Roller Derby / London Brawling,Helsinki Roller Derby / All Stars,2023-06-11,190.0,53.0
456,Helsinki Roller Derby / All Stars,Nantes Roller Derby / Les Duchesses,2023-06-11,87.0,190.0
460,Adelaide Roller Derby / Ads,Sun State Roller Derby / Swarm,2023-06-11,165.0,120.0
458,Dock City Rollers / Dock City Anchors,Bear City Roller Derby,2023-06-11,194.0,162.0
459,Dirty Jersey Roller Derby / All-Stars,Garden State Roller Derby / Ironbound Maidens,2023-06-11,217.0,117.0
461,Adelaide Roller Derby / Ads,Perth Roller Derby / West Coast Evils,2023-06-11,176.0,160.0
457,Dock City Rollers / Dock City Anchors,Nantes Roller Derby / Les Duchesses,2023-06-11,125.0,129.0
451,Montreal Roller Derby / New Skids on the Block,Crime City Rollers,2023-06-16,176.0,172.0
450,Rose City Rollers,Arch Rival Roller Derby / Arch Rival All Stars,2023-06-16,185.0,110.0
437,Steel City Roller Derby / Steel Beamers,Burning River Roller Derby / Hazmat Crew,2023-06-17,162.0,178.0
438,Steel City Roller Derby / Steel Hurtin',Burning River Roller Derby / Burning River All-Stars,2023-06-17,240.0,104.0
439,Rose City Rollers,Crime City Rollers,2023-06-17,256.0,85.0
440,Roller Derby Quebec,Ottawa Valley Roller Derby,2023-06-17,234.0,55.0
441,Peterborough Area Roller Derby,Toronto Roller Derby / CN POWER,2023-06-17,90.0,88.0
442,Orlando Roller Derby / Ozone Slayers,Bradentucky / Bombers,2023-06-17,126.0,127.0
445,Brewcity Bruisers / AllStars,Flint Roller Derby,2023-06-17,107.0,143.0
444,Calgary Roller Derby / CRD All Stars,Pikes Peak Roller Derby / Pikes Peak All Stars,2023-06-17,283.0,63.0
446,Bellingham Roller Betties / All Stars,Greater Vancouver Roller Derby Association,2023-06-17,94.0,262.0
447,Barcelona Roller Derby / Ingles de Acero,Les Quads de Paris / La Boucherie de Paris,2023-06-17,142.0,167.0
448,Arizona Roller Derby / Arizona Rising ,High Altitude RD / Dark Sky Starlets,2023-06-17,258.0,80.0
449,Arch Rival Roller Derby / Arch Rival All Stars,Montreal Roller Derby / New Skids on the Block,2023-06-17,273.0,72.0
741,Peterborough Area Roller Derby,Toronto Roller Derby / CN POWER,2023-06-17,90.0,88.0
443,Grand Raggidy Roller Derby / All Stars,Ann Arbor Roller Derby / Ann Arbor A,2023-06-17,145.0,175.0
433,Rose City Rollers,Montreal Roller Derby / New Skids on the Block,2023-06-18,245.0,112.0
434,Les Quads de Paris / La Boucherie de Paris,The Anguanas- Vicenza Roller Derby,2023-06-18,301.0,78.0
435,Barcelona Roller Derby / Ingles de Acero,The Anguanas- Vicenza Roller Derby,2023-06-18,265.0,58.0
436,Arch Rival Roller Derby / Arch Rival All Stars,Crime City Rollers,2023-06-18,218.0,92.0
432,Elevated Roller Derby / All Stars,SoCal Derby / The Cuttlefish,2023-06-23,246.0,89.0
431,Northern Arizona Roller Derby / Whiskey Row-llers,Santa Cruz Roller Derby / Santa Cruz Harbor Hellcats,2023-06-23,115.0,179.0
430,Palouse River Rollers,Sacramento Roller Derby / MaulStars,2023-06-23,146.0,88.0
429,Sacramento Roller Derby / MaulStars,Northern Arizona Roller Derby / Wild West Outlaws,2023-06-23,80.0,271.0
428,SoCal Derby / The Cuttlefish,Wine Town Rollers / Whine Makers,2023-06-23,99.0,128.0
427,Windy City Rollers / Windy City Rollers: All-Stars,Minnesota Roller Derby,2023-06-23,116.0,213.0
426,Wine Town Rollers / Whine Makers,Elevated Roller Derby / All Stars,2023-06-23,153.0,263.0
407,Santa Cruz Roller Derby / Santa Cruz Harbor Hellcats,Wine Town Rollers / Whine Makers,2023-06-24,188.0,108.0
406,SoCal Derby / The Kraken,Palouse River Rollers,2023-06-24,114.0,104.0
405,SoCal Derby / The Kraken,Sacramento Roller Derby / MaulStars,2023-06-24,167.0,168.0
404,South Shore Roller Derby / Runaways,Windy City Rollers / Third Coast,2023-06-24,170.0,131.0
403,SUSQUEHANNA VALLEY DERBY VIXENS,WILKES BARRE SCRANTON ROLLER DERBY A,2023-06-24,52.0,231.0
399,West Florida Roller Derby,Soul City Sirens,2023-06-24,183.0,146.0
401,Home Team,Oslo Roller Derby,2023-06-24,158.0,99.0
400,Vienna Roller Derby / Vienna A,Rotterdam Roller Derby / Death Row Honeys,2023-06-24,162.0,121.0
408,Sacramento Roller Derby / MaulStars,Northern Arizona Roller Derby / Wild West Outlaws,2023-06-24,89.0,184.0
398,Windy City Rollers / Windy City Rollers: All-Stars,Ann Arbor Roller Derby,2023-06-24,167.0,98.0
397,Windy City Rollers / Windy City Rollers: Second Wind,Minnesota Roller Derby / Minnesota Roller Derby: MNRD B,2023-06-24,128.0,112.0
402,Tragic City Rollers / Tragic City All-Stars,Atlanta Roller Derby / Atlanta Rumble Bees,2023-06-24,84.0,200.0
409,Roller Derby Toulouse / Nothing Toulouse,Roller Derby Madrid,2023-06-24,278.0,46.0
418,Gallatin Roller Derby / Team Montana Roller Derby,Bay Area Roller Derby,2023-06-24,232.0,119.0
411,Ottawa Valley Roller Derby / Ottawa Valley Rapids,Royal City Roller Derby / The Bruteleggers,2023-06-24,121.0,217.0
410,Rainy City Roller Derby / All Stars,Paris Roller Derby / All Stars,2023-06-24,203.0,136.0
425,Assassination City Roller Derby / Conspiracy,Houston United Roller Derby,2023-06-24,218.0,93.0
424,BOULDER COUNTY ROLLER DERBY / FLATIRON PHOENIXES,NO COAST ROLLER DERBY / MAD MAXINES,2023-06-24,101.0,189.0
423,Capital City Crushers,Springfield Roller Derby,2023-06-24,176.0,147.0
421,Circle City Roller Derby / Socialites,Fox Cities Roller Derby,2023-06-24,258.0,67.0
420,Circle City Roller Derby / Socialites,Fox Cities Roller Derby,2023-06-24,258.0,67.0
422,Chicago-Style Roller Derby / A,Akron Roller Derby / A,2023-06-24,127.0,175.0
417,Lomme Roller Girls / Bad Bunnies,Roller Derby Madrid,2023-06-24,175.0,87.0
416,Los Alamos Derby Dames League / Los Alamos Derby Dames,SoCal Derby / The Cuttlefish,2023-06-24,220.0,85.0
415,Minnesota Roller Derby,Ann Arbor Roller Derby,2023-06-24,205.0,91.0
414,Northern Arizona Roller Derby / Wild West Outlaws,Palouse River Rollers,2023-06-24,142.0,136.0
413,Ohio Roller Derby,Detroit Roller Derby / Detroit Roller Derby Allstars A,2023-06-24,180.0,206.0
419,Elevated Roller Derby / All Stars,Los Alamos Derby Dames League / Los Alamos Derby Dames,2023-06-24,273.0,144.0
386,Santa Cruz Roller Derby / Harbor Hellcats,Los Alamos Derby Dames League / Los Alamos Derby Dames,2023-06-25,257.0,105.0
382,Wine Town Rollers / Whine Makers,Northern Arizona Roller Derby / Whiskey Row-llers,2023-06-25,210.0,125.0
383,Tiger Bay Brawlers / All Stars,Paris Roller Derby / All Stars,2023-06-25,115.0,221.0
384,Tampa Roller Derby / Tantrums,Jacksonville Roller Derby / New Jax City Rollers,2023-06-25,64.0,185.0
385,SoCal Derby / The Kraken,Northern Arizona Roller Derby / Wild West Outlaws,2023-06-25,127.0,156.0
387,Rainy City Roller Derby / All Stars,Tiger Bay Brawlers / All Stars,2023-06-25,336.0,129.0
395,Brighton Rockers Roller Derby,London Rockin' Rollers Allstars / London Rockin' Rollers,2023-06-25,412.0,77.0
389,PEACH STATE ROLLER DERBY,MUSCOGEE ROLLER GIRLS,2023-06-25,152.0,233.0
390,Northern Arizona Roller Derby / Whiskey Row-llers,SoCal Derby / The Kraken,2023-06-25,73.0,234.0
392,Gem City Roller Derby / Purple Reign,Detroit Roller Derby / Allstars A,2023-06-25,113.0,198.0
393,Gem City Roller Derby / Violet Femmes,Detroit Roller Derby / Allstars B,2023-06-25,138.0,306.0
394,Gallatin Roller Derby / Mountain Mayhem,Bay Area Roller Derby,2023-06-25,93.0,250.0
396,Brighton Rockers Roller Derby,London Rockin' Rollers,2023-06-25,412.0,77.0
388,Rainy City Roller Derby / Reckoning,Paris Roller Derby / Les Quedalles,2023-06-25,253.0,82.0
377,Naptown Roller Derby,Cornfed Roller Derby / Cornfed Roller Derby All-Stars,2023-07-01,129.0,170.0
378,Happy Valley Derby Darlins / Molly Morbids,Jet City Roller Derby,2023-07-01,162.0,91.0
376,SUSQUEHANNA VALLEY DERBY VIXENS,EERIE ROLLER DERBY,2023-07-01,311.0,69.0
380,Denver roller Derby / Mile High Club,Rose City Rollers / Rose City Rollers: Axles of Annihilation,2023-07-01,228.0,57.0
381,Denver Roller Derby / Mile High Club,Happy Valley Derby Darlins / Molly Morbids,2023-07-01,239.0,30.0
379,Denver Roller Derby / Bruising Altitude,Rose City Rollers / Rose City Rollers: Axles of Annihilation,2023-07-01,86.0,193.0
375,Denver Roller Derby / Bruising Altitude,Happy Valley Derby Darlins / Molly Morbids,2023-07-02,128.0,140.0
374,Denver Roller Derby / Bruising Altitude,Jet City Roller Derby,2023-07-02,188.0,68.0
373,Jet City Roller Derby,Treasure Valley Roller Derby / All Star,2023-07-02,204.0,85.0
372,Rose City Rollers / Rose City Rollers: Axles of Annihilation,Happy Valley Derby Darlins / Molly Morbids,2023-07-02,195.0,84.0
366,Springfield Roller Derby / All Stars,Rock Town Roller Derby / Rocktown,2023-07-08,144.0,84.0
368,Rock Town Roller Derby / Rocktown,Roughneck Roller Derby / Tulsa Elite,2023-07-08,161.0,108.0
367,Springfield Roller Derby / All Stars,Natural State Roller Derby / Natural State,2023-07-08,131.0,96.0
370,Circle City Roller Derby / Socialites,Akron Roller Derby / Akron All-Stars,2023-07-08,136.0,99.0
371,Arch Rival Roller Derby / Arch Nemesis,Cincinnati Rollergirls / Black Sheep,2023-07-08,394.0,27.0
369,Natural State Roller Derby / Natural State,Roughneck Roller Derby / Tulsa Elite,2023-07-08,226.0,45.0
365,Harrisburg Area Roller Derby,Diamond State Roller Derby,2023-07-09,329.0,82.0
364,Bay State Brawlers / Brawlers,New Hampshire Roller Derby / All-Stars,2023-07-15,263.0,116.0
363,Memphis Roller Derby,Nashville Roller Derby,2023-07-15,84.0,171.0
362,Home Team,Away Team,2023-07-15,80.0,238.0
361,Tiger Bay Brawlers / All-Stars,Leeds Roller Derby / A Team,2023-07-15,272.0,61.0
360,Angel City Derby / Rad Team,Baja Roller Derby,2023-07-21,271.0,38.0
359,Arizona Roller Derby / All Stars,Elevated Roller Derby / Elevated Roller Derby All Stars,2023-07-21,285.0,73.0
358,Arizona Roller Derby / Rising,High Altitude Roller Derby / Dark Sky Starlets,2023-07-21,185.0,119.0
357,Santa Cruz Roller Derby / Boardwalk Bombshells,Arizona Roller Derby / All Stars,2023-07-21,121.0,100.0
355,Arizona Roller Derby / All Stars,Baja Roller Derby,2023-07-22,120.0,76.0
354,Arizona Roller Derby / All Stars,Eves of Destruction,2023-07-22,235.0,46.0
356,Angel City Derby / Rad Team,Santa Cruz Roller Derby / Boardwalk Bombshells,2023-07-22,132.0,106.0
344,Twin Valleys Roller Derby,Akron Roller Derby,2023-07-22,138.0,154.0
345,South Bend Roller Derby / Studebreakers,Burning River Roller Derby / HazMat Crew,2023-07-22,269.0,99.0
346,Rock Town Roller Derby / Queen Team,Yellow Rose Roller Derby,2023-07-22,212.0,193.0
347,Peterborough Area Roller Derby,Royal City Roller Derby / Bruteleggers,2023-07-22,92.0,108.0
740,Muscogee Roller Girls,Savannah Derby Devils,2023-07-22,205.0,133.0
349,Muscogee Roller Girls,Savannah Derby Devils,2023-07-22,205.0,133.0
350,Fabulous Sin City Roller Derby / Black Spade Bruisers,High Altitude Roller Derby / Dark Sky Starlets,2023-07-22,24.0,257.0
351,Burning River Roller Derby / All-Stars,Windy City Rollers / Third Coast,2023-07-22,209.0,166.0
352,Boston Roller Derby / Boston Roller Derby: C Team,Twin State Derby / Vixens,2023-07-22,86.0,292.0
348,No Coast Roller Derby / Mad Maxines,Twister City Roller Derby / Victory All-Star Squad,2023-07-22,196.0,103.0
353,Baja Roller Derby,Elevated Roller Derby / Elevated Roller Derby All Stars,2023-07-22,245.0,57.0
343,Angel City Derby / Rad Team,Santa Cruz Roller Derby / Boardwalk Bombshells,2023-07-23,167.0,74.0
342,Arizona Roller Derby / Rising,Fabulous Sin City Roller Derby / Black Spade Bruisers,2023-07-23,248.0,101.0
341,Santa Cruz Roller Derby / Boardwalk Bombshells,Arizona Roller Derby / All Stars,2023-07-23,202.0,77.0
340,Bristol Roller Derby / Bristol Roller Derby Charter Team,Namur Roller Derby / Namur Roller Derby A,2023-07-27,82.0,155.0
339,Norrköping Roller Derby,Namur Roller Derby / Namur Roller Derby A,2023-07-27,112.0,126.0
338,Oslo Roller Derby / Oslo Roller Derby A,Namur Roller Derby / Namur Roller Derby A,2023-07-28,93.0,300.0
329,Springfield Roller Derby / All Stars,Capital City Crushers,2023-07-29,86.0,190.0
330,Springfield Roller Derby / All Stars,Capital City Crushers,2023-07-29,86.0,190.0
331,Salt City Roller Derby,Dirty Jersey Roller Derby / Dirty Jersey All-Stars,2023-07-29,149.0,187.0
333,Ottawa Valley Roller Derby / Rapids,Toronto Roller Derby / Toronto Roller Derby All Stars,2023-07-29,153.0,140.0
334,Lehigh Valley Roller Derby / Lehigh Valley All-Stars,Bay State Roller Derby / Bay State All-Stars,2023-07-29,281.0,69.0
335,Druid City Derby,Memphis Roller Derby,2023-07-29,89.0,182.0
336,Dallas Derby Devils / Battalion of Doom,Natural State Roller Derby,2023-07-29,235.0,136.0
337,Circle City Roller Derby / Socialites,Confluence Crush Roller Derby,2023-07-29,133.0,91.0
332,Red Stick Roller Derby / Capital Defenders,Panhandle United Roller Derby / Panhandle United Roller Derby Allstars,2023-07-29,123.0,195.0
328,Assassination City Roller Derby / Conspiracy,Natural State Roller Derby,2023-07-30,347.0,47.0
327,Ohio Valley Roller Derby,Roller Derby of Central Kentucky,2023-07-30,61.0,434.0
317,Roc City Roller Derby / Roc Stars,Salt City Roller Derby,2023-08-05,251.0,88.0
313,Twister City Roller Derby / Victory All-Star Squad,Assassination City Roller Derby / Conspiracy,2023-08-05,200.0,158.0
314,Traverse City Roller Derby,Windy City Rollers / Third Coast,2023-08-05,185.0,92.0
315,South Bend Roller Derby / Studebreakers,Black-N-Bluegrass Roller Derby / Blackouts,2023-08-05,122.0,169.0
316,Salt City Roller Derby,Ithaca League of Women Rollers / SufferJets,2023-08-05,162.0,173.0
318,Roc City Roller Derby / Roc Stars,Ithaca League of Women Rollers / SufferJets,2023-08-05,216.0,115.0
324,Fargo Moorhead Derby Girls,Madison Roller Derby / Madison Roller Derby: The Herd,2023-08-05,180.0,127.0
320,Jacksonville / New Jax City Rollers,Atlanta / All Stars,2023-08-05,301.0,98.0
326,Ann Arbor Roller Derby,Ohio Roller Derby,2023-08-05,131.0,107.0
319,Lowcountry Highrollers,Charlotte Roller Derby A,2023-08-05,67.0,262.0
325,Enchanted Mountain Roller Derby / Hellbilly Heartbreakers,Dutchland Roller Derby / All-Stars,2023-08-05,162.0,262.0
322,Gem City Roller Derby / Violet Femmes,Circle City Roller Derby / Socialites,2023-08-05,143.0,173.0
321,Gotham Roller Derby / Gotham Roller Derby All-Stars,Philly Roller Derby,2023-08-05,363.0,32.0
323,Garden State Roller Derby / Ironbound Maidens,Philly Roller Derby / Philly Roller Derby B Team,2023-08-05,142.0,195.0
312,Black Rose Rollers / All Stars,Steel City Roller Derby / Steel Hurtin',2023-08-06,167.0,102.0
311,Madison Roller Derby / The Herd (FRIDAY),Flint Roller Derby,2023-08-11,160.0,297.0
310,Minnesota Roller Derby / MNRD B,North Star Roller Derby,2023-08-11,181.0,135.0
299,Madison Roller Derby / The Herd (SATURDAY),Minnesota Roller Derby / MNRD B,2023-08-12,69.0,264.0
294,Twin Valleys Roller Derby,Charlotte Roller Derby / Mecklenburg Maulers,2023-08-12,254.0,206.0
295,Minnesota Roller Derby,Madison Roller Derby,2023-08-12,223.0,75.0
296,Minnesota Roller Derby / MNRD B,Flint Roller Derby,2023-08-12,160.0,196.0
297,Mid-State Roller Derby / All Stars,Confluence Crush Roller Derby / Confluence Crush Charter,2023-08-12,62.0,183.0
298,Madison Roller Derby / The Herd (SATURDAY),North Star Roller Derby,2023-08-12,99.0,302.0
300,Los Alamos Derby Dames,El Paso Roller Derby / Tex Pistols,2023-08-12,92.0,266.0
301,Hard Knox Roller Derby A,Nashville Roller Derby,2023-08-12,113.0,211.0
302,Hammer City Roller Derby / Eh! Team,Kingston Roller Derby / Rogue Warriors,2023-08-12,313.0,60.0
303,Gotham Roller Derby / Gotham B Team,Gem City Roller Derby / Violet Femmes,2023-08-12,420.0,21.0
304,Gotham Roller Derby / Gotham All Stars,Gem City Roller Derby / Purple Reign,2023-08-12,272.0,6.0
305,Fort Myers Roller Derby,Orlando Roller Derby / Ozone Slayers ,2023-08-12,98.0,222.0
306,Flint Roller Derby,North Star Roller Derby,2023-08-12,139.0,163.0
307,Home Team,Away Team,2023-08-12,61.0,382.0
309,Boston Roller Derby / Boston Roller Derby B Team,Connecticut Roller Derby / Connecticut All Stars,2023-08-12,201.0,250.0
308,Boston Roller Derby / Boston Roller Derby A Team,Penn Jersey Roller Derby / Devils,2023-08-12,210.0,37.0
293,Flint Roller Derby,Madison Roller Derby,2023-08-13,139.0,303.0
292,Harrisburg Area Roller Derby / Nuclear Knockouts,Bux-Mont Roller Derby / Buxmont Roller Derby,2023-08-13,224.0,143.0
279,Tri-City Roller Derby / Thunder,Philly Roller Derby,2023-08-19,206.0,135.0
280,Tri-City Roller Derby / Thunder,Ohio Roller Derby,2023-08-19,139.0,129.0
281,Renegade Derby Dames / Striking Vikings,Peterborough Area Roller Derby,2023-08-19,59.0,315.0
282,Philly Roller Derby,Minnesota Roller Derby,2023-08-19,68.0,169.0
283,Minnesota Roller Derby,Ohio Roller Derby,2023-08-19,131.0,146.0
288,Chattanooga Roller Derby / Chattanooga All Stars,Blue Ridge Roller Derby,2023-08-19,252.0,70.0
285,Erie Roller Derby,Away Team,2023-08-19,301.0,49.0
286,Connecticut Roller Derby / All Stars,Dirty Jersey  / A Team,2023-08-19,319.0,71.0
287,Chattanooga Roller Derby / B-Railers,Rocket City Roller Derby / Rocket City,2023-08-19,214.0,106.0
289,Arch Rival Roller Derby / All Stars,Windy City Rollers / All Stars,2023-08-19,283.0,55.0
290,Ann Arbor Roller Derby,Detroit Roller Derby / Allstars A,2023-08-19,80.0,157.0
291,Alamo Ctiy Roller Girls / Las Tejanas,Roughneck Roller Derby / Tulsa Elite,2023-08-19,231.0,87.0
284,FREDERICKSBURG ROLLER DERBY / FREDERICKSBURG ROLLER DERBY ALL STARS,DOMINION DERBY GIRLS / DOMINION DERBY GIRLS ALL STARS,2023-08-19,203.0,188.0
275,Tri-City Roller Derby / Thunder,Minnesota Roller Derby,2023-08-20,106.0,158.0
277,South Bend Roller Derby / Studebreakers,South Shore Roller Derby / Runaways,2023-08-20,222.0,184.0
276,Tampa Roller Derby / Tampa Tantrums,Red Stick Roller Derby / Red Stick Roller Derby All Stars,2023-08-20,133.0,139.0
278,Philly Roller Derby,Ohio Roller Derby,2023-08-20,106.0,185.0
274,Capital City Crushers,Kansas City Roller Warriors,2023-08-26,139.0,128.0
273,Capital City Crushers,Kansas City Roller Warriors,2023-08-26,139.0,128.0
272,Capital City Crushers,Kansas City Roller Warriors,2023-08-26,139.0,128.0
271,Glasgow Roller Derby / Irn Bruisers,Saskatoon Roller Derby League / Mindfox,2023-08-26,110.0,192.0
270,Glasgow Roller Derby / Irn Bruisers,Brighton Rockers Roller Derby,2023-08-27,165.0,103.0
269,Victorian Roller Derby League / All Stars,Adelaide Roller derby / Ads,2023-09-01,239.0,62.0
268,Hard Knox Roller Derby A,R.O.C.K Roller Derby,2023-09-02,94.0,258.0
267,Victorian Roller Derby League / Thunder,Adelaide Roller derby / Ads,2023-09-02,58.0,231.0
266,Victorian Roller Derby League / All Stars,Adelaide Roller derby / Ads,2023-09-02,269.0,41.0
251,Red Stick Roller Derby / Red Stick Roller Derby All Stars,Texas Rollergirls / Texecutioners,2023-09-09,133.0,164.0
250,Red Stick / Capital Defenders ,Texas Rollergirls / Chainsaws,2023-09-09,52.0,234.0
249,Sacramento Roller Derby B  / Bruin Trouble,Windy City Rollers  / Second Wind ,2023-09-09,94.0,441.0
252,Peninsula Roller Derby  / Supernovas B ,Sacramento Roller Derby B / Bruin Trouble ,2023-09-09,405.0,75.0
247,Twin State Roller Derby / Upper Valley Vixons,Bay State Brawlers Roller Derby / Bay State Brawlers,2023-09-09,231.0,80.0
246,Ventura County Derby Darlins / Vendolls,Fabulous Sin City Roller Derby / Ace of Spades,2023-09-09,217.0,102.0
245,Ventura County Derby Darlins / Vendolls,San Fernando Valley Roller Derby / Like OMGs,2023-09-09,120.0,113.0
248,Tragic City Rollers / Tragic City All-Stars,Chattanooga Roller Derby / Chattanooga All-Stars,2023-09-09,45.0,285.0
253,Montreal Roller Derby / New Skids on the Block,Ann Arbor Roller Derby,2023-09-09,230.0,40.0
265,Angel City Derby / Angel City Derby - RAD TEAM,Peninsula Roller Derby  / Supernovas A,2023-09-09,224.0,125.0
256,Fabulous Sin City Roller Derby / Ace of Spades,Angel City Derby / Shore Shots,2023-09-09,162.0,95.0
257,Central Coast Roller Derby / SK805,Faultline Roller Derby / Derby Devilz,2023-09-09,223.0,79.0
258,Boston Roller Derby / Boston Roller Derby: A Team,Ann Arbor Roller Derby,2023-09-09,135.0,143.0
259,Black-n-Bluegrass Roller Girls,Naptown Roller Derby,2023-09-09,134.0,116.0
260,Bay Area Derby / Bay Area Derby All Stars ,Windy City Rollers  / All-Stars,2023-09-09,101.0,213.0
261,Arch Rival Roller Derby / Arch Nemesis,Montreal Roller Derby / Les Sexpos,2023-09-09,168.0,179.0
262,Arch Rival Roller Derby / All Stars,Boston Roller Derby / Boston Roller Derby: A Team,2023-09-09,298.0,44.0
263,Arch Rival Roller Derby / Arch Nemesis,Boston Roller Derby / Boston Roller Derby: B Team,2023-09-09,149.0,166.0
254,Gem City Roller Derby / Violet Femmes,Vette City Roller Derby / Vette City Venom,2023-09-09,243.0,45.0
264,Angel City Derby  / Angel City Derby - RAD TEAM ,Sacramento Roller Derby  / MaulStars,2023-09-09,372.0,18.0
240,Peninsula Roller Derby  / Supernovas B,Windy City Rollers  / Second Wind ,2023-09-10,69.0,233.0
242,Bay Area Derby  / Bay Area Derby All Stars ,Sacramento Roller Derby A / MaulStars,2023-09-10,221.0,84.0
243,Arch Rival Roller Derby / All Stars,Montreal Roller Derby / New Skids on the Block,2023-09-10,262.0,49.0
244,Arch Rival Roller Derby / All Stars,Ann Arbor Roller Derby,2023-09-10,304.0,24.0
241,Montreal Roller Derby / New Skids on the Block,Boston Roller Derby / Boston Roller Derby: A Team,2023-09-10,173.0,64.0
229,Peninsula Roller Derby  / Supernovas A,Windy City Rollers  / All-Stars,2023-09-16,119.0,201.0
225,Victorian Roller Derby League / Thunder Bees,Brisbane City Rollers / Red Kennedys,2023-09-16,106.0,123.0
226,State College Area Roller Derby  / SCAR Derby ,Susquehanna Valley Derby Vixens / Vixens,2023-09-16,170.0,148.0
227,South Shore Roller Derby / Runaways,Prairieland Punishers,2023-09-16,285.0,116.0
228,Rocky Mountain Roller Derby / 5280 Fight Club,Denver Roller Derby / Bruising Altitude,2023-09-16,30.0,288.0
230,Ohio Valley Roller Derby,Little City Roller Derby,2023-09-16,142.0,127.0
234,Grand Raggidy Roller Derby / Grand Raggidy All Stars,Royal City Roller Derby,2023-09-16,166.0,80.0
232,Hard Knox Roller Derby A,Memphis Roller Derby,2023-09-16,63.0,163.0
233,Grand Raggidy Roller Derby / All Stars,Royal City Roller Derby / The Bruteleggers,2023-09-16,166.0,80.0
235,Fort Myers Roller Derby,Charlotte Roller Derby / Team Charlotte,2023-09-16,151.0,132.0
236,East Vic Roller Derby,Western Australia Roller Derby / Wards Of The Skate,2023-09-16,119.0,227.0
237,East Vic Roller Derby / Witches Of East Vic,WA Roller Derby / Wards Of The Skate,2023-09-16,119.0,227.0
238,Columbia Roller Derby / QuadSquad,Twister City Roller Derby / Victory All Star Squad,2023-09-16,157.0,97.0
239,Columbia Roller Derby / QuadSquad,Blue Ridge Roller Derby / Y'allStars,2023-09-16,261.0,47.0
231,Mass Attack Roller Derby / All Stars,Dirty Jersey Roller Derby / All Stars,2023-09-16,178.0,151.0
224,Columbia Roller Derby / QuadSquad,Gold Coast Derby Grrls,2023-09-17,274.0,60.0
223,Harrisburg Area Roller Derby / Nuclear Knockouts,Schuylkill County Scream Queens,2023-09-17,236.0,62.0
222,Twister City Roller Derby / Victory All Star Squad,Blue Ridge Roller Derby / Y'allStars,2023-09-17,265.0,112.0
212,Salt City Roller Derby,Philly Roller Derby / Philly B,2023-09-23,222.0,128.0
213,Rockford Rage Women's Roller Derby,Quad City Rollers,2023-09-23,74.0,255.0
214,Pikes Peak Roller Derby / All-Stars,Steel City Roller Derby / Steel Hurtin,2023-09-23,136.0,135.0
215,North Star Roller Derby / Supernovas,Madison Roller Derby / The Herd,2023-09-23,226.0,108.0
217,Minnesota Roller Derby,Black Rose Rollers,2023-09-23,186.0,52.0
218,Flint Roller Derby,Downriver Roller Derby,2023-09-23,206.0,82.0
219,Fabulous Sin City Roller Derby / Ace of Spades,Central Coast Roller Derby / SK805,2023-09-23,134.0,105.0
220,Dallas Derby Devils / Army of Darkness,Kansas City Roller Warriors / Kansas City Roller Warriors All Stars,2023-09-23,229.0,112.0
216,Minnesota Roller Derby,Black Rose Rollers,2023-09-23,186.0,52.0
221,Black Rose Rollers / All-Stars,Madison Roller Derby / Dairyland Dolls,2023-09-23,152.0,149.0
210,Brisbane City Rollers / Punk Blockers,Sun State Roller Derby / Swarm,2023-09-24,193.0,93.0
209,Ithaca League of Women Rollers / SufferJets,Philly Roller Derby / Philly Roller Derby B-Team,2023-09-24,314.0,113.0
208,Minnesota Roller Derby / Minnesota Nice,Madison Roller Derby / The Herd,2023-09-24,178.0,95.0
207,North Star Roller Derby / Supernovas,Brewcity Bruisers / Allstars,2023-09-24,189.0,116.0
201,Rose City / Rose City Rollers: Axles of Annihilation,Peninsula Roller Derby / Supernovas A,2023-09-29,374.0,80.0
202,Rose City / Rose City Rollers: Axles of Annihilation,Denver Roller Derby / Bruising Altitude,2023-09-29,275.0,81.0
203,Rose City Rollers,Calgary Roller Derby / Calgary Roller Derby All Stars,2023-09-29,428.0,29.0
204,Peninsula Roller Derby (League) / Supernovas B,Tucson Roller Derby / Javelina Havoc,2023-09-29,340.0,43.0
205,Bay Area Derby / Bay Area All Stars,Baja Roller Derby,2023-09-29,87.0,121.0
185,Tucson Roller Derby / Javelina Havoc,Denver Roller Derby / Layovers,2023-09-30,137.0,166.0
186,Tri-City Roller Derby / Thunder,Peterborough Area Roller Derby,2023-09-30,255.0,91.0
187,Tampa Roller Derby / Tantrums,Bradentucky Bombers / Bomb Squad,2023-09-30,253.0,65.0
188,Rose City Rollers,Denver Roller Derby / Bruising Altitude,2023-09-30,454.0,27.0
189,Rose City Rollers / Rose City Rollers: Axles of Annihilation,Baja Roller Derby,2023-09-30,249.0,60.0
190,Peninsula Roller Derby (League) / Supernovas B,Denver Roller Derby / Standbys,2023-09-30,123.0,270.0
191,Peninsula Roller Derby (League) / Supernovas A,Calgary Roller Derby / Calgary Roller Derby All Stars,2023-09-30,144.0,173.0
196,Greenville Roller Derby,Hard Knox Roller Derby / Hard Knox All Stars,2023-09-30,221.0,97.0
193,Norfolk Roller Derby / Norfolk Brawds,Liverpool Roller Birds / Sisters of Mersey,2023-09-30,130.0,122.0
194,Newcastle Roller Derby / Canny Belters,Rotterdam Roller Derby / Death Row Honeys,2023-09-30,160.0,169.0
195,Liverpool Roller Birds / Sisters of Mersey,Newcastle Roller Derby / Canny Belters,2023-09-30,149.0,138.0
197,Denver Roller Derby / Mile High Club,Calgary Roller Derby / Calgary Roller Derby All Stars,2023-09-30,352.0,93.0
198,Chicago-Style Roller Derby A,Madison Roller Derby A,2023-09-30,170.0,204.0
199,Barcelona Roller Derby / Ingles de Acero,Vienna Roller Derby / Vienna Roller Derby All Stars,2023-09-30,210.0,208.0
200,Ann Arbor Roller Derby / Ann Arbor Roller Derby ,Queen City Roller Derby / Lake Effect Furies,2023-09-30,185.0,175.0
192,Norfolk Roller Derby / Norfolk Brawds,Rotterdam Roller Derby,2023-09-30,175.0,110.0
175,Sun State Roller Derby,Victorian Roller Derby League,2023-10-01,271.0,76.0
176,Sun State Roller Derby,Canberra Roller Derby League,2023-10-01,203.0,36.0
178,ROCK AND ROLLER QUEENS,BOGOTÁ BONE BREAKERS,2023-10-01,46.0,305.0
177,Rose City Rollers,Denver Roller Derby / Mile High Club,2023-10-01,248.0,83.0
180,Hammer City Roller Derby / Eh! Team,Toronto Roller Derby / CN Power,2023-10-01,170.0,143.0
181,Detroit Roller Derby / Allstars A,Queen City Roller Derby / Lake Effect Furies,2023-10-01,275.0,222.0
182,Denver Roller Derby / Mile High Club,Peninsula Roller Derby (League) / Supernovas A,2023-10-01,306.0,64.0
183,Brisbane City Rollers,Canberra Roller Derby League,2023-10-01,326.0,24.0
184,Baja Roller Derby,Peninsula Roller Derby (League) / Supernovas B,2023-10-01,358.0,56.0
179,Peninsula Roller Derby (League) / Slam Andreas,Tucson Roller Derby / Javelina Havoc,2023-10-01,159.0,192.0
174,Brisbane City Rollers,Sun State Roller Derby,2023-10-02,183.0,182.0
171,Montreal Roller Derby / The Sexpos,Kingston Roller Derby / Team Ontario,2023-10-06,312.0,123.0
172,Montreal Roller Derby / New Skids on the Block,Gotham Roller Derby / All-Stars,2023-10-06,133.0,141.0
168,ROCK AND ROLLER QUEENS ,TACONES BANDIDOS,2023-10-06,65.0,230.0
173,Gotham Roller Derby / All-Stars,Tri-City Roller Derby / Thunder,2023-10-06,245.0,24.0
170,ROCK AND ROLLER QUEENS,BOGOTÁ BONE BREAKERS,2023-10-06,9.0,395.0
169,ROCK AND ROLLER QUEENS,BOGOTÁ BONE BREAKERS,2023-10-06,9.0,395.0
167,As Brigantias Roller Derby A Coruña ,Hard Breaking Dolls Prague ,2023-10-07,94.0,200.0
139,Twin Valleys Roller Derby,Ithaca League of Women Rollers / SufferJets,2023-10-07,348.0,141.0
140,Treasure Valley Roller Derby / All Stars,High Altitude Roller Derby / Dark Sky Starlets,2023-10-07,324.0,72.0
141,Tragic City Rollers / Tragic City All-Stars,Greenville Roller Derby,2023-10-07,208.0,62.0
142,Sierra Regional Roller Derby / Sierra Regional All Stars,West Coast Derby Knockouts,2023-10-07,115.0,177.0
143,Rose City Rollers / Axles of Annihilation,Rat City Roller Derby / Rat City All Stars,2023-10-07,197.0,61.0
144,Rage City Roller Derby / Rage City All*Stars,Greater Vancouver Roller Derby Association,2023-10-07,87.0,108.0
145,Oxford Roller Derby ,Hard Breaking Dolls Prague ,2023-10-07,69.0,235.0
146,Nashville Roller Derby,Chattanooga Roller Derby / B-Railers,2023-10-07,161.0,157.0
147,Montreal Roller Derby / The Sexpos,Gotham Roller Derby / Wall Street Traitors,2023-10-07,154.0,172.0
148,Montreal Roller Derby / New Skids on the Block,Gotham Roller Derby / All-Stars,2023-10-07,126.0,82.0
149,Lowcountry Highrollers / All Stars,River City Roller Derby / Riot,2023-10-07,81.0,173.0
151,High Altitude Roller Derby / Dark Sky Starlets,Monterey Bay Roller Derby / Beasts of Eden,2023-10-07,100.0,221.0
150,Lowcountry Highrollers / All Stars,Ithaca League of Women Rollers / Sufferjets,2023-10-07,166.0,152.0
153,Helsinki Roller Derby / Bees,Lomme Roller Derby / Bad Bunnies,2023-10-07,67.0,219.0
166,As Brigantias Roller Derby A Coruña ,Oxford Roller Derby  / Oxford Roller Derby Blackbirds,2023-10-07,153.0,138.0
165,Black n Bluegrass Rollergirls / Blackouts,Rockford Rage / Rockford Rage Women's Roller Derby,2023-10-07,189.0,106.0
164,BOGOTÁ BONE BREAKERS / BOGOTÁ BONE BREAKERS ,TACONES BANDIDOS ,2023-10-07,237.0,47.0
163,CAPITAL RATS ROLLER DERBY,ROCK AND ROLLER QUEENS ,2023-10-07,216.0,84.0
152,Helsinki Roller Derby / Bees,Stockholm Roller Derby / Allstars,2023-10-07,59.0,251.0
161,Carolina Roller Derby,Greensboro Roller Derby,2023-10-07,280.0,69.0
162,CAPITAL RATS ROLLER DERBY,TACONES BANDIDOS,2023-10-07,166.0,126.0
159,Charlotte Roller Derby / Bad Assets,Richland County Regulators Derby Team / Richland County Regulators,2023-10-07,267.0,57.0
158,Copenhagen Roller Derby / Copenhagen Roller Derby A,Malmö Roller Derby / Crime City Rollers B,2023-10-07,188.0,145.0
157,Dirty Jersey Roller Derby / All Stars,Twin State Derby / Vixens,2023-10-07,125.0,167.0
156,Gem City Roller Derby / Purple Reign,Grand Raggidy Roller Derby / All Stars,2023-10-07,120.0,113.0
155,Greater Vancouver Roller Derby Association,Gallatin Roller Derby / Team Montana,2023-10-07,101.0,158.0
154,Helsinki Roller Derby / All-Stars,Lomme Roller Derby / Bad Bunnies,2023-10-07,131.0,52.0
160,Charlotte Roller Derby / Mecklenburg Maulers,Appalachian Roller Derby / Appalachian Roller Derby All Stars,2023-10-07,172.0,142.0
126,Wine Town Roller Derby / Whine Makers,Sierra Regional Roller Derby / Sierra Regional All Stars,2023-10-08,147.0,127.0
127,West Coast Derby Knockouts,Wine Town Roller Derby / Whine Makers,2023-10-08,199.0,106.0
128,Twin Valleys Roller Derby,River City Roller Derby / Riot,2023-10-08,143.0,109.0
130,Monterey Bay Roller Derby / Beasts of Eden,Treasure Valley Roller Derby / All Stars,2023-10-08,108.0,313.0
129,Montreal Roller Derby / New Skids on the Block,Tri-City Roller Derby / Thunder,2023-10-08,319.0,31.0
131,Lowcontry Highrollers / All Stars,River City Roller Derby / Riot,2023-10-08,130.0,196.0
132,Lomme Roller Derby / Bad Bunnies,Stockholm Roller Derby / Allstars,2023-10-08,128.0,111.0
137,CAPITAL RATS ROLLER DERBY,BOGOTÁ BONE BREAKERS,2023-10-08,52.0,204.0
136,Gallatin Roller Derby / Team Montana,Rage City Roller Derby / Rage City All*Stars,2023-10-08,156.0,76.0
138,Buxmont Roller Derby / Sirens,Dutchland Rollers / All Stars,2023-10-08,300.0,101.0
134,Helsinki Roller Derby / All-Stars,Stockholm Roller Derby / All Stars,2023-10-08,153.0,85.0
133,Kallio Rolling Rainbow / All Colours,Tampere Roller Derby / All-Stars,2023-10-08,188.0,124.0
135,Gotham Roller Derby / Wall Street Traitors,Kingston Roller Derby / Team Ontario,2023-10-08,112.0,192.0
125,CAPITAL RATS ROLLER DERBY,TACONES BANDIDOS,2023-10-09,138.0,145.0
124,ROCK AND ROLLER QUEENS,TACONES BANDIDOS / TACONES BANDIDOS ,2023-10-09,105.0,185.0
112,SoCal Derby / The Kraken,Arizona Roller Derby / Arizona Rising,2023-10-14,254.0,76.0
106,Home Team,Away Team,2023-10-14,175.0,125.0
107,Victorian Roller Derby League / All Stars,Sun State Roller Derby / Swarm,2023-10-14,280.0,26.0
108,Texas Texecutioners,Chattanooga All-Stars,2023-10-14,189.0,91.0
109,Texas Chainsaws,Chattanooga B-Rollers,2023-10-14,247.0,66.0
110,Tampa Tantrums,Chattanooga All-Stars,2023-10-14,132.0,134.0
113,Roller Derby Toulouse / Nothing Toulouse,Roller Derby Clermont Ferrand / Auver'niaks,2023-10-14,347.0,48.0
111,SoCal Derby / The Cuttlefish,Bellingham Roller Betties / All Stars,2023-10-14,114.0,209.0
115,Roller Derby Iceland / Ragnarök,Wiltshire Roller Derby,2023-10-14,118.0,271.0
116,Rainy City Roller Derby / All Stars,Nantes Roller Derby / Les Duc.hesse.s,2023-10-14,149.0,117.0
117,Paris Roller Derby / All Stars,Norrköping Roller Derby,2023-10-14,213.0,82.0
118,Harpies Roller Derby Milano / Harpies,Aalborg Roller Derby,2023-10-14,158.0,173.0
119,Grand Raggidy Roller Derby / All-Stars,Madison Roller Derby / Dairyland Dolls,2023-10-14,118.0,174.0
120,Crime City Rollers / A-team,Rainy City Roller Derby / All Stars,2023-10-14,130.0,123.0
121,Crime City Rollers / A-team,Nantes Roller Derby / Les Duc.hesse.s,2023-10-14,225.0,114.0
122,Auverniaks Roller Derby / Les Auver'Niaks,Away Team,2023-10-14,146.0,186.0
123,Arizona Roller Derby / Arizona Rising,Bellingham Roller Betties / All Stars,2023-10-14,158.0,127.0
114,Roller Derby Toulouse / Nothing Toulouse,Away Team,2023-10-14,282.0,53.0
101,Texas Texecutioners,Tampa Tantrums,2023-10-15,150.0,104.0
103,Bear City Roller Derby,Paris Roller Derby / All Stars,2023-10-15,107.0,195.0
104,Bear City Roller Derby,Norrköping Roller Derby,2023-10-15,150.0,93.0
102,Tampa Bruise Crew,Chattanooga B-Railers,2023-10-15,106.0,133.0
80,Tiger Bay Brawlers / Challengers,Dublin Roller Derby / The Be Grands,2023-10-21,120.0,337.0
81,Tiger Bay Brawlers / All Stars,Auld Reekie Roller Derby / All Stars,2023-10-21,228.0,66.0
82,P,Dom City Roller Derby / Dom City,2023-10-21,144.0,175.0
83,St. Pauli Roller Derby / A,Roller Derby Dresden / Dresden Pioneers,2023-10-21,156.0,146.0
84,St. Pauli Roller Derby / A,Crime City Rollers / B,2023-10-21,153.0,124.0
85,Santa Cruz Roller Derby / Santa Cruz Boardwalk Bombshells - A,Northern Arizona Roller Derby / Wild West Outlaws,2023-10-21,292.0,91.0
87,Peninsula Roller Derby / Slam Andreas,Nor Cal Roller Girls,2023-10-21,247.0,67.0
88,Humboldt Roller Derby / Redwood Rollers,V Town,2023-10-21,154.0,143.0
89,Home Team,Roller Derby Dresden / Dresden Pioneers,2023-10-21,154.0,144.0
86,P,Dom City Roller Derby / Dom City Dolls,2023-10-21,124.0,269.0
92,Dock City Rollers / Anchors,Norrköping Roller Derby,2023-10-21,100.0,106.0
91,Dock City Rollers / Anchors,Oulu Roller Derby,2023-10-21,147.0,77.0
100,Auld Reekie Roller Derby / B,Dublin Roller Derby / B,2023-10-21,133.0,284.0
99,Bakersfield Diamond Divas / Diamond Divas,Angel City Derby / Rocket Queens,2023-10-21,103.0,69.0
98,BELFAST ROLLER DERBY,GLASGOW ROLLER DERBY / IRN BRUISERS,2023-10-21,77.0,269.0
90,Free State RD / Black Eyed Suzies, Dirty Jersey RD / Dirty Jersey RD,2023-10-21,169.0,147.0
96,Bradentucky Bombers Roller Derby A,Orlando Roller Derby A,2023-10-21,131.0,214.0
97,Birmingham Roller Derby / (A team),Oulu Roller Derby,2023-10-21,166.0,107.0
93,Crime City Rollers / B,Away Team,2023-10-21,111.0,215.0
94,Chicago-Style Roller Derby / A Team,Quad City Roller Derby,2023-10-21,143.0,185.0
95,Brussels Roller Derby / La Drache,Copenhagen Roller Derby / Copenhagen Roller Derby A,2023-10-21,152.0,59.0
79,Auld Reekie Roller Derby / A,Dublin Roller Derby / A,2023-10-22,115.0,169.0
67,Tiger Bay Brawlers / Allstars,Dublin Roller Derby / A,2023-10-22,138.0,89.0
68,Tiger Bay Brawlers / Challengers,Auld Reekie Roller Derby / B,2023-10-22,135.0,225.0
70,P,Stuttgart Valley Roller Derby / SVRD,2023-10-22,130.0,205.0
71,Oulu Roller Derby,Norrköping Roller Derby,2023-10-22,101.0,142.0
69,St. Pauli Roller Derby / A,Away Team,2023-10-22,173.0,107.0
73,Dock City Rollers / Anchors,Birmingham Roller Derby / A team,2023-10-22,163.0,68.0
74,Crime City Rollers / B,Roller Derby Dresden / Dresden Pioneers,2023-10-22,97.0,169.0
75,Copenhagen Roller Derby / Copenhagen Roller Derby A,Lutece Destroyeuses Roller Derby Paris / Les Encastreuses,2023-10-22,214.0,93.0
76,Brussels Roller Derby / La Drache,Lutece Destroyeuses Roller Derby Paris / Les Encastreuses,2023-10-22,153.0,52.0
77,Bristol Roller Derby / Charter Team,London Roller Derby / Brawl Saints,2023-10-22,172.0,192.0
78,Birmingham Roller Derby / (A team),Norrköping Roller Derby,2023-10-22,133.0,141.0
72,Kansas City Roller Warriors / Kansas City Roller Warriors All-Stars,Capital City Crushers,2023-10-22,151.0,96.0
66,Santa Cruz Roller Derby / Boardwalk Bombshells,Gotham Roller Derby / Wall Street Traitors,2023-10-27,283.0,86.0
65,Windy City Rollers / Second Wind,Queen City Roller Derby / Lake Effect Furies,2023-10-27,117.0,196.0
56,Santa Cruz Roller Derby / Boardwalk Bombshells,Gotham Roller Derby A / All Stars,2023-10-28,42.0,229.0
54,Zurich City Roller Derby / Allstar Z,Oslo Roller Derby / A Team,2023-10-28,116.0,159.0
55,Windy City Rollers / All Stars,Queen City Roller Derby / Lake Effect Furies,2023-10-28,221.0,119.0
57,Quad City Rollers,Madison Roller Derby / The Herd,2023-10-28,244.0,88.0
62,Home Team,Away Team,2023-10-28,321.0,79.0
59,Norfolk Roller Derby / Norfolk Brawds - A Team,Kallio Rolling Rainbow / All Colours,2023-10-28,131.0,156.0
60,Gotham Roller Derby / Wall Street Traitors,Windy City Rollers / Second Wind,2023-10-28,187.0,105.0
61,Gotham Roller Derby / All Stars,Windy City Rollers / All-Stars,2023-10-28,140.0,68.0
63,2x4 Roller Derby / Lxs Pibxs,Sailor City Rollers / Sailor,2023-10-28,78.0,171.0
58,Norfolk Roller Derby / Norfolk Brawds A Team,Zurich City Roller Derby / Allstar Z,2023-10-28,99.0,191.0
64,2x4 Roller Derby / OSOM,Atomic Bombs Roller Derby,2023-10-28,515.0,0.0
53,Norfolk Roller Derby / Norfolk Brawds A Team,Oslo Roller Derby / Oslo Roller Derby A,2023-10-29,113.0,192.0
52,Oslo Roller Derby / Oslo Roller Derby A,Kallio Rolling Rainbow / All Colours,2023-10-29,190.0,137.0
51,Oxford Roller Derby / Oxford Roller Derby Blackbirds,Roller Derby Rennes Les Deferlantes,2023-10-29,171.0,292.0
50,Queer City Roller Derby / Lake Effect Furies,Gotham Roller Derby / Wall Street Traitors,2023-10-29,124.0,126.0
49,Windy City Rollers / Second Wind,Gotham Roller Derby / All Stars,2023-10-29,5.0,301.0
48,Windy City Rollers / All Star,Santa Cruz Roller Derby / Boardwalk Bombshells,2023-10-29,140.0,122.0
47,Zurich City Roller Derby / Allstar Z,Kallio Rolling Rainbow / All Colours,2023-10-29,127.0,136.0
45,Denver Roller Derby / Mile High Club,Montreal Roller Derby / New Skids on the Block,2023-11-03,259.0,142.0
46,Arch Rival Roller Derby / Arch Rival All Stars,Rose City Rollers /  Axles of Annihilation,2023-11-03,202.0,55.0
44,Victorian Roller Derby League / All Stars,Angel City Derby / Hollywood Scarlets,2023-11-03,159.0,91.0
43,Angel City Derby / Hollywood Scarlets,Rose City Rollers /  Axles of Annihilation,2023-11-04,113.0,171.0
26,West Coast Derby Knockouts / TKOs,Arizona Roller Derby / Rising Star,2023-11-04,161.0,111.0
27,Wasatch Roller Derby / Midnight Terror,Eves of Destruction,2023-11-04,105.0,291.0
28,Victorian Roller Derby League / All Stars,Arch Rival Roller Derby / Arch Rival All Stars,2023-11-04,54.0,202.0
29,Rose City Rollers / Wheels of Justice,Denver Roller Derby / Mile High Club,2023-11-04,199.0,105.0
31,Rat City Roller Derby / Rat City Roller Derby All Stars,Happy Valley Derby Darlings / Molly Morbids,2023-11-04,76.0,178.0
32,Pikes Peak Roller Derby / All-Stars,Boulder County Roller Derby / Flatiron Phoenixes,2023-11-04,127.0,192.0
33,Peninsula Roller Derby / Supernovas A ,Rat City Roller Derby  / Rat City Roller Derby All Stars,2023-11-04,134.0,120.0
42,Bergen Roller Derby / Wet City Rollers,Birmingham Roller Derby / Birmingham Roller Derby B,2023-11-04,137.0,134.0
35,Peninsula Roller Derby  / Supernovas B,Eves of Destruction,2023-11-04,86.0,274.0
36,Nantes Roller Derby / Les Duc.hesse.s,Paris Roller Derby / All Star,2023-11-04,136.0,140.0
37,Fabulous Sin City Roller Derby / Ace of Spades,El Paso Roller Derby / TexPistols,2023-11-04,222.0,112.0
38,Fabulous Sin City Roller Derby / Black Spade Bruisers,El Paso Roller Derby / Pistol WhipHers,2023-11-04,227.0,72.0
39,Columbia Roller Derby / Columbia QuadSquad,Tragic City Rollers,2023-11-04,287.0,97.0
40,CENTRAL COAST ROLLER DERBY / THE SK805,SOCAL DERBY / THE CUTTLEFISH,2023-11-04,100.0,129.0
34,Peninsula Roller Derby / Supernovas B ,Rat City Roller Derby / Rat City Roller Derby Rain of Terror,2023-11-04,100.0,262.0
41,Black n Bluegrass Rollergirls / Blackouts,Downriver Roller Dolls,2023-11-04,185.0,161.0
17,Wasatch Roller Derby / Midnight Terror,Rat City Roller Derby / Rat City Roller Derby Rain of Terror,2023-11-05,173.0,170.0
18,Wasatch Roller Derby / Midnight Terror,Peninsula Roller Derby / Supernovas B,2023-11-05,191.0,186.0
19,Rose City Rollers / Wheels of Justice,Arch Rival Roller Derby / Arch Rival All Stars,2023-11-05,125.0,98.0
22,Montreal Roller Derby / New Skids on the Block,Rose City Rollers /  Axles of Annihilation,2023-11-05,195.0,101.0
21,Peninsula Roller Derby / Supernovas A ,Happy Valley Derby Darlins / Molly Morbids,2023-11-05,136.0,128.0
23,Harrisburg Area Roller Derby / Nuclear Knockouts,Wilkes-Barre Scranton Roller Derby / Roller Radicals,2023-11-05,237.0,88.0
24,Eves of Destruction,Rat City Roller Derby / Rat City Roller Derby Rain of Terror,2023-11-05,130.0,122.0
25,Denver Roller Derby / Mile High Club,Victorian Roller Derby League / All Stars,2023-11-05,163.0,141.0
20,Rat City Roller Derby / Rat City Roller Derby All Stars,Eves of Destruction,2023-11-05,242.0,63.0
16,London Roller Derby / London Brawling,Dock City Rollers / Dock City Rollers - Anchors,2023-11-11,199.0,56.0
15,Reading Roller Derby,Philly Roller Derby / Philly Roller Derby B Team ,2023-11-13,131.0,117.0
14,Connecticut Roller Derby / Connecticut All Stars ,Gotham Roller Derby / Wall Street Traitors,2023-11-18,117.0,226.0
13,Gotham Roller Derby  / Gotham Roller Derby Wall Street Traitors,Boston Roller Derby  / Boston Roller Derby B Team ,2023-11-19,300.0,85.0
12,Copenhagen Roller Derby / Copenhagen Roller Derby A-Team,Manchester Valkyries,2023-12-02,249.0,110.0
11,2x4 Roller Derby / Team Osom,Metropolitan Roller Derby Chile / Metropolitan All Stars,2023-12-08,235.0,45.0
9,Bogota Bone Breakers,2x4 Roller Derby / Lxs Pibxs,2023-12-09,208.0,78.0
8,Bogota Bone Breakers,2x4 Roller Derby / Lxs Pibxs,2023-12-09,208.0,78.0
7,Sailor City Rollers,Metropolitan Roller Derby Chile / Metropolitan All Stars,2023-12-09,240.0,164.0
10,2x4 Roller Derby / Team Osom,Bogotá Bone Breakers,2023-12-09,209.0,33.0
6,2x4 Roller Derby / Lxs Pibxs,Metropolitan Roller Derby Chile / Metropolitan All Stars,2023-12-10,69.0,196.0
5,Atomic Bombs Roller Derby / Atomic Bombs ,Bogotá Bone Breakers,2023-12-10,85.0,267.0
4,Bogotá Bone Breakers,Metropolitan Roller Derby Chile / Metropolitan All Stars,2023-12-10,141.0,156.0
3,Antwerp Roller Derby / Pack of Destruction,Ruhrpott Roller Derby / A,2023-12-17,66.0,247.0
0,Roller Derby Brest / Toustes Étoiles,Brussels Roller Derby / La Drache,2024-01-20,135.0,125.0
1,Paris Roller Derby / All-Stars,Antwerp Roller Derby / One Love Roller Dolls,2024-01-20,191.0,116.0
2,Panhandle United Roller Derby / Panhandle United Roller Derby Allstars,North Texas Roller Derby / Fighting Unicorns,2024-01-20,124.0,120.0
739,Roller Derby Madrid / A,SAM Roller Derby / A,2024-01-27,169.0,110.0
732,ROLLER DERBY TOULOUSE / NOTHING TOULOUSE,PARIS ROLLER DERBY / ALL STARS,2024-02-10,139.0,143.0
738,Brewcity Bruisers / Battlestars,Madison Roller Derby / The Herd,2024-02-10,138.0,263.0
737,Jet City Roller Derby / Jet City Roller Derby All Stars,Greater Vancouver Roller Derby / GVRD,2024-02-10,180.0,121.0
736,Lomme Roller Derby / Bad Bunnies,Les Quads de Paris / La Boucherie,2024-02-10,164.0,156.0
735,PARIS ROLLER DERBY / ALL STARS,SAM ROLLER DERBY / SAM A,2024-02-10,257.0,67.0
734,PARIS ROLLER DERBY / ALL STARS,SAM ROLLER DERBY / SAM A,2024-02-10,257.0,67.0
733,Roller Derby Toulouse / Nothing Toulouse,Orléans Roller Derby / Les Simones,2024-02-10,389.0,42.0
731,Les Quads de Paris / La Boucherie,AuverNiaks,2024-02-11,183.0,113.0
730,Les Quads de Paris / La Boucherie,AuverNiaks,2024-02-11,183.0,113.0
729,LOMME ROLLER DERBY / BAD BUNNIES,SAM ROLLER DERBY / SAM A,2024-02-11,165.0,111.0
728,SAM / SAM A,Orléans Roller Derby / Les Simones,2024-02-11,267.0,137.0
727,Barcelona Roller Derby / B-Ingles de Acero,Namur Roller Derby / Namur Roller Derby: Les Parpaings,2024-02-17,144.0,218.0
726,Dock City Rollers / Achors,Norrköping Rollerderby / A-Team,2024-02-17,191.0,96.0
725,Kallio Rolling Rainbow / All colours,Oslo Roller Derby / Oslo Roller Derby A,2024-02-17,280.0,65.0
724,Maine Roller Derby / Old Port Brigade,Aroostook Roller Derby / BioHazards,2024-02-17,122.0,203.0
723,Oulu Roller Derby,Oslo Roller Derby / Oslo Roller Derby A,2024-02-17,225.0,50.0
722,Nuclear Free Roller Derby / nF Bombs,Calgary Roller Derby / Calgary Roller Derby All Stars,2024-02-18,32.0,315.0
721,Peninsula Roller Derby / Slam Andreas,Santa Cruz Roller Derby / Harbor Hellcats,2024-02-18,225.0,259.0
720,Steel City Roller Derby / Steel Hurtin',Connecticut Roller Derby / Connecticut All Stars,2024-02-18,138.0,210.0
719,Rockford Rage Women’s Roller Derby,Fox Cities Roller Derby / Fox Cities Allstars,2024-02-24,128.0,249.0
718,Dutchland Derby Rollers / All Stars,State College Area Roller Derby,2024-03-01,97.0,198.0
717,Ithaca League of Women Rollers / SufferJets,Wilkes-Barre Scranton Roller Derby / Roller Radicals,2024-03-01,174.0,139.0
749,Chattanooga Roller Derby,Columbia Roller Derby / QuadSquad,2024-03-02,91.0,147.0
750,Chattanooga Roller Derby / Chattanooga  All Stars,Twister City Roller Derby / Victory All Star Squad,2024-03-02,117.0,106.0
706,Rocktown Rollers,Free State Roller Derby / Black-Eyed Suzie,2024-03-02,122.0,241.0
707,Nuclear Free Roller Derby / NF Bombs,Northern Arizona Roller Derby / Whiskey Row-llers,2024-03-02,304.0,97.0
713,Ithaca League of Women Rollers / SufferJets,State College Area Roller Derby,2024-03-02,202.0,142.0
716,Dirty Jersey Roller Derby / Dirty Jersey All Stars,Free State Roller Derby / Black-Eyed Suzies,2024-03-02,200.0,145.0
715,Downriver Roller Dolls,Rocktown Rollers,2024-03-02,226.0,77.0
714,INLAND EMPIRE ROLLER DERBY,WEST COAST DERBY KNOCKOUTS / TKO'S,2024-03-02,73.0,188.0
708,Wilkes-Barre Scranton Roller Derby / Roller Radicals,Rocktown Rollers,2024-03-03,167.0,121.0
710,STATE COLLEGE AREA ROLLER DERBY / SCAR,DOWNRIVER ROLLER DOLLS / DOWNRIVER,2024-03-03,138.0,173.0
711,Downriver Roller Dolls,Dirty Jersey Roller Derby / Dirty Jersey All Stars,2024-03-03,177.0,189.0
751,Chattanooga Roller Derby / Chattanooga All Stars,Columbia Roller Derby / Quad Squad,2024-03-03,77.0,187.0
712,Dirty Jersey Roller Derby / Dirty Jersey All Stars,Ithaca League of Women Rollers / SufferJets,2024-03-03,194.0,96.0
709,Namur Roller Derby / Namur Roller Derby A,Vienna Roller Derby / Vienna Roller Derby All Stars,2024-03-03,151.0,96.0
752,Columbia Roller Derby / QuadSquad,Twister City Roller Derby / Victory All Star Squad,2024-03-03,155.0,122.0
